,TRANSITING,STATION,DAY_OF_WEEK
0,692467.0,1 AV,Friday
1,433302.0,1 AV,Monday
2,675612.0,1 AV,Saturday
3,527998.0,1 AV,Sunday
4,691732.0,1 AV,Thursday
5,600885.0,1 AV,Tuesday
6,675432.0,1 AV,Wednesday
7,905820.0,103 ST,Friday
8,465139.0,103 ST,Monday
9,857954.0,103 ST,Saturday
10,562869.0,103 ST,Sunday
11,901311.0,103 ST,Thursday
12,812617.0,103 ST,Tuesday
13,920178.0,103 ST,Wednesday
14,596822.0,103 ST-CORONA,Friday
15,356994.0,103 ST-CORONA,Monday
16,563458.0,103 ST-CORONA,Saturday
17,445706.0,103 ST-CORONA,Sunday
18,603784.0,103 ST-CORONA,Thursday
19,538198.0,103 ST-CORONA,Tuesday
20,590946.0,103 ST-CORONA,Wednesday
21,87787.0,104 ST,Friday
22,34619.0,104 ST,Monday
23,80165.0,104 ST,Saturday
24,45705.0,104 ST,Sunday
25,89008.0,104 ST,Thursday
26,77666.0,104 ST,Tuesday
27,88259.0,104 ST,Wednesday
28,366124.0,110 ST,Friday
29,196797.0,110 ST,Monday
30,343634.0,110 ST,Saturday
31,249827.0,110 ST,Sunday
32,364025.0,110 ST,Thursday
33,320363.0,110 ST,Tuesday
34,360023.0,110 ST,Wednesday
35,451709.0,111 ST,Friday
36,258384.0,111 ST,Monday
37,423904.0,111 ST,Saturday
38,326643.0,111 ST,Sunday
39,429103.0,111 ST,Thursday
40,399490.0,111 ST,Tuesday
41,443487.0,111 ST,Wednesday
42,820320.0,116 ST,Friday
43,456610.0,116 ST,Monday
44,788058.0,116 ST,Saturday
45,539484.0,116 ST,Sunday
46,821685.0,116 ST,Thursday
47,721996.0,116 ST,Tuesday
48,811671.0,116 ST,Wednesday
49,386053.0,116 ST-COLUMBIA,Friday
50,133263.0,116 ST-COLUMBIA,Monday
51,317141.0,116 ST-COLUMBIA,Saturday
52,152050.0,116 ST-COLUMBIA,Sunday
53,380298.0,116 ST-COLUMBIA,Thursday
54,320852.0,116 ST-COLUMBIA,Tuesday
55,376234.0,116 ST-COLUMBIA,Wednesday
56,75400.0,121 ST,Friday
57,40337.0,121 ST,Monday
58,70196.0,121 ST,Saturday
59,49201.0,121 ST,Sunday
60,74969.0,121 ST,Thursday
61,66942.0,121 ST,Tuesday
62,74082.0,121 ST,Wednesday
63,2096161.0,125 ST,Friday
64,1252957.0,125 ST,Monday
65,2090478.0,125 ST,Saturday
66,1534925.0,125 ST,Sunday
67,2116569.0,125 ST,Thursday
68,1854687.0,125 ST,Tuesday
69,2063819.0,125 ST,Wednesday
70,466485.0,135 ST,Friday
71,222554.0,135 ST,Monday
72,429460.0,135 ST,Saturday
73,258849.0,135 ST,Sunday
74,468599.0,135 ST,Thursday
75,405003.0,135 ST,Tuesday
76,469588.0,135 ST,Wednesday
77,362700.0,137 ST CITY COL,Friday
78,238342.0,137 ST CITY COL,Monday
79,419911.0,137 ST CITY COL,Saturday
80,230626.0,137 ST CITY COL,Sunday
81,368650.0,137 ST CITY COL,Thursday
82,314956.0,137 ST CITY COL,Tuesday
83,363380.0,137 ST CITY COL,Wednesday
84,113457.0,138/GRAND CONC,Friday
85,46123.0,138/GRAND CONC,Monday
86,104704.0,138/GRAND CONC,Saturday
87,63444.0,138/GRAND CONC,Sunday
88,113646.0,138/GRAND CONC,Thursday
89,95817.0,138/GRAND CONC,Tuesday
90,113576.0,138/GRAND CONC,Wednesday
91,1892776.0,14 ST,Friday
92,934847.0,14 ST,Monday
93,1704065.0,14 ST,Saturday
94,1110347.0,14 ST,Sunday
95,1871384.0,14 ST,Thursday
96,1546276.0,14 ST,Tuesday
97,1807885.0,14 ST,Wednesday
98,3247339.0,14 ST-UNION SQ,Friday
99,1651872.0,14 ST-UNION SQ,Monday
100,3056041.0,14 ST-UNION SQ,Saturday
101,2124291.0,14 ST-UNION SQ,Sunday
102,3286916.0,14 ST-UNION SQ,Thursday
103,2765904.0,14 ST-UNION SQ,Tuesday
104,3170431.0,14 ST-UNION SQ,Wednesday
105,1174280.0,145 ST,Friday
106,709335.0,145 ST,Monday
107,1069343.0,145 ST,Saturday
108,840262.0,145 ST,Sunday
109,1168799.0,145 ST,Thursday
110,1029406.0,145 ST,Tuesday
111,1145026.0,145 ST,Wednesday
112,372972.0,149/GRAND CONC,Friday
113,175532.0,149/GRAND CONC,Monday
114,309706.0,149/GRAND CONC,Saturday
115,219861.0,149/GRAND CONC,Sunday
116,371363.0,149/GRAND CONC,Thursday
117,321605.0,149/GRAND CONC,Tuesday
118,372833.0,149/GRAND CONC,Wednesday
119,285805.0,14TH STREET,Friday
120,90978.0,14TH STREET,Monday
121,262678.0,14TH STREET,Saturday
122,111530.0,14TH STREET,Sunday
123,290579.0,14TH STREET,Thursday
124,244191.0,14TH STREET,Tuesday
125,281683.0,14TH STREET,Wednesday
126,148741.0,15 ST-PROSPECT,Friday
127,69922.0,15 ST-PROSPECT,Monday
128,136072.0,15 ST-PROSPECT,Saturday
129,85533.0,15 ST-PROSPECT,Sunday
130,152698.0,15 ST-PROSPECT,Thursday
131,125768.0,15 ST-PROSPECT,Tuesday
132,145769.0,15 ST-PROSPECT,Wednesday
133,185964.0,155 ST,Friday
134,110691.0,155 ST,Monday
135,174868.0,155 ST,Saturday
136,135581.0,155 ST,Sunday
137,185107.0,155 ST,Thursday
138,166386.0,155 ST,Tuesday
139,179355.0,155 ST,Wednesday
140,271760.0,157 ST,Friday
141,161306.0,157 ST,Monday
142,251159.0,157 ST,Saturday
143,187161.0,157 ST,Sunday
144,269256.0,157 ST,Thursday
145,244550.0,157 ST,Tuesday
146,268344.0,157 ST,Wednesday
147,658341.0,161/YANKEE STAD,Friday
148,451910.0,161/YANKEE STAD,Monday
149,699466.0,161/YANKEE STAD,Saturday
150,551928.0,161/YANKEE STAD,Sunday
151,696405.0,161/YANKEE STAD,Thursday
152,601792.0,161/YANKEE STAD,Tuesday
153,661854.0,161/YANKEE STAD,Wednesday
154,80302.0,163 ST-AMSTERDM,Friday
155,49447.0,163 ST-AMSTERDM,Monday
156,77044.0,163 ST-AMSTERDM,Saturday
157,60066.0,163 ST-AMSTERDM,Sunday
158,80060.0,163 ST-AMSTERDM,Thursday
159,71893.0,163 ST-AMSTERDM,Tuesday
160,78646.0,163 ST-AMSTERDM,Wednesday
161,84789594.0,167 ST,Friday
162,324762.0,167 ST,Monday
163,542073.0,167 ST,Saturday
164,400484.0,167 ST,Sunday
165,576058.0,167 ST,Thursday
166,520963.0,167 ST,Tuesday
167,574713.0,167 ST,Wednesday
168,779876.0,168 ST,Friday
169,383666.0,168 ST,Monday
170,696574.0,168 ST,Saturday
171,467368.0,168 ST,Sunday
172,779552.0,168 ST,Thursday
173,674476.0,168 ST,Tuesday
174,774757.0,168 ST,Wednesday
175,275400.0,169 ST,Friday
176,123227.0,169 ST,Monday
177,249195.0,169 ST,Saturday
178,154853.0,169 ST,Sunday
179,275404.0,169 ST,Thursday
180,242048.0,169 ST,Tuesday
181,274055.0,169 ST,Wednesday
182,429892.0,170 ST,Friday
183,248105.0,170 ST,Monday
184,408877.0,170 ST,Saturday
185,307545.0,170 ST,Sunday
186,431570.0,170 ST,Thursday
187,390729.0,170 ST,Tuesday
188,432493.0,170 ST,Wednesday
189,196895.0,174 ST,Friday
190,102243.0,174 ST,Monday
191,184168.0,174 ST,Saturday
192,134741.0,174 ST,Sunday
193,198089.0,174 ST,Thursday
194,176858.0,174 ST,Tuesday
195,195498.0,174 ST,Wednesday
196,124405.0,174-175 STS,Friday
197,68248.0,174-175 STS,Monday
198,118151.0,174-175 STS,Saturday
199,83273.0,174-175 STS,Sunday
200,125951.0,174-175 STS,Thursday
201,113101.0,174-175 STS,Tuesday
202,125128.0,174-175 STS,Wednesday
203,357825.0,175 ST,Friday
204,140856.0,175 ST,Monday
205,331642.0,175 ST,Saturday
206,171541.0,175 ST,Sunday
207,356955.0,175 ST,Thursday
208,313318.0,175 ST,Tuesday
209,353759.0,175 ST,Wednesday
210,161490.0,176 ST,Friday
211,93106.0,176 ST,Monday
212,154668.0,176 ST,Saturday
213,115753.0,176 ST,Sunday
214,162660.0,176 ST,Thursday
215,148262.0,176 ST,Tuesday
216,161645.0,176 ST,Wednesday
217,383577.0,18 AV,Friday
218,210728.0,18 AV,Monday
219,349036.0,18 AV,Saturday
220,236149.0,18 AV,Sunday
221,383343.0,18 AV,Thursday
222,343685.0,18 AV,Tuesday
223,382546.0,18 AV,Wednesday
224,210592.0,18 ST,Friday
225,78389.0,18 ST,Monday
226,181120.0,18 ST,Saturday
227,96232.0,18 ST,Sunday
228,209329.0,18 ST,Thursday
229,168886.0,18 ST,Tuesday
230,203964.0,18 ST,Wednesday
231,656279.0,181 ST,Friday
232,335486.0,181 ST,Monday
233,596888.0,181 ST,Saturday
234,395791.0,181 ST,Sunday
235,651021.0,181 ST,Thursday
236,580448.0,181 ST,Tuesday
237,653226.0,181 ST,Wednesday
238,80708.0,182-183 STS,Friday
239,50778.0,182-183 STS,Monday
240,77570.0,182-183 STS,Saturday
241,63453.0,182-183 STS,Sunday
242,79946.0,182-183 STS,Thursday
243,72764.0,182-183 STS,Tuesday
244,78128.0,182-183 STS,Wednesday
245,165100.0,183 ST,Friday
246,95455.0,183 ST,Monday
247,153419.0,183 ST,Saturday
248,116521.0,183 ST,Sunday
249,164208.0,183 ST,Thursday
250,148587.0,183 ST,Tuesday
251,162914.0,183 ST,Wednesday
252,115000.0,190 ST,Friday
253,63065.0,190 ST,Monday
254,109193.0,190 ST,Saturday
255,65641.0,190 ST,Sunday
256,114182.0,190 ST,Thursday
257,99944.0,190 ST,Tuesday
258,113066.0,190 ST,Wednesday
259,291995.0,191 ST,Friday
260,173590.0,191 ST,Monday
261,262349.0,191 ST,Saturday
262,186572.0,191 ST,Sunday
263,290624.0,191 ST,Thursday
264,255313.0,191 ST,Tuesday
265,291284.0,191 ST,Wednesday
266,582030.0,2 AV,Friday
267,384975.0,2 AV,Monday
268,559830.0,2 AV,Saturday
269,473184.0,2 AV,Sunday
270,565449.0,2 AV,Thursday
271,467425.0,2 AV,Tuesday
272,539547.0,2 AV,Wednesday
273,143327.0,20 AV,Friday
274,75264.0,20 AV,Monday
275,134557.0,20 AV,Saturday
276,89163.0,20 AV,Sunday
277,144873.0,20 AV,Thursday
278,131993.0,20 AV,Tuesday
279,144305.0,20 AV,Wednesday
280,161197.0,207 ST,Friday
281,101298.0,207 ST,Monday
282,154837.0,207 ST,Saturday
283,120262.0,207 ST,Sunday
284,161816.0,207 ST,Thursday
285,144945.0,207 ST,Tuesday
286,159758.0,207 ST,Wednesday
287,25125.0,21 ST,Friday
288,15612.0,21 ST,Monday
289,23512.0,21 ST,Saturday
290,19462.0,21 ST,Sunday
291,24000.0,21 ST,Thursday
292,22270.0,21 ST,Tuesday
293,24437.0,21 ST,Wednesday
294,292959.0,21 ST-QNSBRIDGE,Friday
295,149240.0,21 ST-QNSBRIDGE,Monday
296,270122.0,21 ST-QNSBRIDGE,Saturday
297,183472.0,21 ST-QNSBRIDGE,Sunday
298,292863.0,21 ST-QNSBRIDGE,Thursday
299,250990.0,21 ST-QNSBRIDGE,Tuesday
300,283923.0,21 ST-QNSBRIDGE,Wednesday
301,49948.0,215 ST,Friday
302,25900.0,215 ST,Monday
303,43418.0,215 ST,Saturday
304,32205.0,215 ST,Sunday
305,49800.0,215 ST,Thursday
306,42984.0,215 ST,Tuesday
307,49062.0,215 ST,Wednesday
308,77312.0,219 ST,Friday
309,32769.0,219 ST,Monday
310,74102.0,219 ST,Saturday
311,41600.0,219 ST,Sunday
312,77723.0,219 ST,Thursday
313,72856.0,219 ST,Tuesday
314,80475.0,219 ST,Wednesday
315,74120.0,225 ST,Friday
316,34771.0,225 ST,Monday
317,68095.0,225 ST,Saturday
318,44553.0,225 ST,Sunday
319,74947.0,225 ST,Thursday
320,68961.0,225 ST,Tuesday
321,76022.0,225 ST,Wednesday
322,3636512.0,23 ST,Friday
323,1229197.0,23 ST,Monday
324,3049640.0,23 ST,Saturday
325,1593635.0,23 ST,Sunday
326,3607230.0,23 ST,Thursday
327,2917524.0,23 ST,Tuesday
328,3501093.0,23 ST,Wednesday
329,177027.0,231 ST,Friday
330,80107.0,231 ST,Monday
331,161654.0,231 ST,Saturday
332,92983.0,231 ST,Sunday
333,176356.0,231 ST,Thursday
334,156286.0,231 ST,Tuesday
335,177737.0,231 ST,Wednesday
336,109285.0,233 ST,Friday
337,51782.0,233 ST,Monday
338,115653.0,233 ST,Saturday
339,68964.0,233 ST,Sunday
340,116742.0,233 ST,Thursday
341,107604.0,233 ST,Tuesday
342,119907.0,233 ST,Wednesday
343,76288.0,238 ST,Friday
344,32418.0,238 ST,Monday
345,70294.0,238 ST,Saturday
346,37131.0,238 ST,Sunday
347,76290.0,238 ST,Thursday
348,66876.0,238 ST,Tuesday
349,77313.0,238 ST,Wednesday
350,131226.0,25 AV,Friday
351,65549.0,25 AV,Monday
352,124088.0,25 AV,Saturday
353,78642.0,25 AV,Sunday
354,136536.0,25 AV,Thursday
355,121525.0,25 AV,Tuesday
356,134269.0,25 AV,Wednesday
357,111243.0,25 ST,Friday
358,60012.0,25 ST,Monday
359,104315.0,25 ST,Saturday
360,71160.0,25 ST,Sunday
361,113158.0,25 ST,Thursday
362,98954.0,25 ST,Tuesday
363,109946.0,25 ST,Wednesday
364,1768235.0,28 ST,Friday
365,621670.0,28 ST,Monday
366,1520426.0,28 ST,Saturday
367,794138.0,28 ST,Sunday
368,1751292.0,28 ST,Thursday
369,1442604.0,28 ST,Tuesday
370,1712259.0,28 ST,Wednesday
371,232987.0,3 AV,Friday
372,157056.0,3 AV,Monday
373,225438.0,3 AV,Saturday
374,193650.0,3 AV,Sunday
375,230525.0,3 AV,Thursday
376,201911.0,3 AV,Tuesday
377,226610.0,3 AV,Wednesday
378,177533.0,3 AV 138 ST,Friday
379,90442.0,3 AV 138 ST,Monday
380,164025.0,3 AV 138 ST,Saturday
381,113592.0,3 AV 138 ST,Sunday
382,177454.0,3 AV 138 ST,Thursday
383,153354.0,3 AV 138 ST,Tuesday
384,174790.0,3 AV 138 ST,Wednesday
385,555261.0,3 AV-149 ST,Friday
386,241889.0,3 AV-149 ST,Monday
387,501722.0,3 AV-149 ST,Saturday
388,322542.0,3 AV-149 ST,Sunday
389,504298.0,3 AV-149 ST,Thursday
390,487177.0,3 AV-149 ST,Tuesday
391,577456.0,3 AV-149 ST,Wednesday
392,453755.0,30 AV,Friday
393,238479.0,30 AV,Monday
394,418154.0,30 AV,Saturday
395,295412.0,30 AV,Sunday
396,455611.0,30 AV,Thursday
397,404065.0,30 AV,Tuesday
398,451756.0,30 AV,Wednesday
399,913399.0,33 ST,Friday
400,303014.0,33 ST,Monday
401,17570502.0,33 ST,Saturday
402,390613.0,33 ST,Sunday
403,908749.0,33 ST,Thursday
404,750639.0,33 ST,Tuesday
405,887368.0,33 ST,Wednesday
406,371123.0,33 ST-RAWSON ST,Friday
407,58717.0,33 ST-RAWSON ST,Monday
408,268340.0,33 ST-RAWSON ST,Saturday
409,93861.0,33 ST-RAWSON ST,Sunday
410,362922.0,33 ST-RAWSON ST,Thursday
411,302082.0,33 ST-RAWSON ST,Tuesday
412,360537.0,33 ST-RAWSON ST,Wednesday
413,3933345.0,34 ST-HERALD SQ,Friday
414,1718226.0,34 ST-HERALD SQ,Monday
415,81820775.0,34 ST-HERALD SQ,Saturday
416,2147532.0,34 ST-HERALD SQ,Sunday
417,3944957.0,34 ST-HERALD SQ,Thursday
418,3366620.0,34 ST-HERALD SQ,Tuesday
419,3842684.0,34 ST-HERALD SQ,Wednesday
420,260655.0,34 ST-HUDSON YD,Friday
421,152993.0,34 ST-HUDSON YD,Monday
422,238740.0,34 ST-HUDSON YD,Saturday
423,169610.0,34 ST-HUDSON YD,Sunday
424,258686.0,34 ST-HUDSON YD,Thursday
425,235799.0,34 ST-HUDSON YD,Tuesday
426,258853.0,34 ST-HUDSON YD,Wednesday
427,5351690.0,34 ST-PENN STA,Friday
428,2258344.0,34 ST-PENN STA,Monday
429,4832538.0,34 ST-PENN STA,Saturday
430,5015855.0,34 ST-PENN STA,Sunday
431,5334101.0,34 ST-PENN STA,Thursday
432,4627450.0,34 ST-PENN STA,Tuesday
433,5239683.0,34 ST-PENN STA,Wednesday
434,219249.0,36 AV,Friday
435,119592.0,36 AV,Monday
436,210467.0,36 AV,Saturday
437,150810.0,36 AV,Sunday
438,217488.0,36 AV,Thursday
439,191443.0,36 AV,Tuesday
440,216359.0,36 AV,Wednesday
441,483503.0,36 ST,Friday
442,235166.0,36 ST,Monday
443,450850.0,36 ST,Saturday
444,306685.0,36 ST,Sunday
445,480021.0,36 ST,Thursday
446,412579.0,36 ST,Tuesday
447,476215.0,36 ST,Wednesday
448,98194.0,39 AV,Friday
449,48364.0,39 AV,Monday
450,89851.0,39 AV,Saturday
451,61480.0,39 AV,Sunday
452,97807.0,39 AV,Thursday
453,86849.0,39 AV,Tuesday
454,96709.0,39 AV,Wednesday
455,147625.0,4 AV-9 ST,Friday
456,71535.0,4 AV-9 ST,Monday
457,132252.0,4 AV-9 ST,Saturday
458,91291.0,4 AV-9 ST,Sunday
459,148725.0,4 AV-9 ST,Thursday
460,127628.0,4 AV-9 ST,Tuesday
461,145300.0,4 AV-9 ST,Wednesday
462,349833.0,40 ST LOWERY ST,Friday
463,173516.0,40 ST LOWERY ST,Monday
464,322758.0,40 ST LOWERY ST,Saturday
465,209442.0,40 ST LOWERY ST,Sunday
466,349957.0,40 ST LOWERY ST,Thursday
467,304061.0,40 ST LOWERY ST,Tuesday
468,346172.0,40 ST LOWERY ST,Wednesday
469,1497421.0,42 ST-BRYANT PK,Friday
470,451027.0,42 ST-BRYANT PK,Monday
471,1304393.0,42 ST-BRYANT PK,Saturday
472,580613.0,42 ST-BRYANT PK,Sunday
473,1498004.0,42 ST-BRYANT PK,Thursday
474,1202350.0,42 ST-BRYANT PK,Tuesday
475,1445050.0,42 ST-BRYANT PK,Wednesday
476,2737944.0,42 ST-PORT AUTH,Friday
477,1501158.0,42 ST-PORT AUTH,Monday
478,2572587.0,42 ST-PORT AUTH,Saturday
479,1826329.0,42 ST-PORT AUTH,Sunday
480,2707062.0,42 ST-PORT AUTH,Thursday
481,2378679.0,42 ST-PORT AUTH,Tuesday
482,2633880.0,42 ST-PORT AUTH,Wednesday
483,115293.0,45 ST,Friday
484,68773.0,45 ST,Monday
485,105215.0,45 ST,Saturday
486,82451.0,45 ST,Sunday
487,115282.0,45 ST,Thursday
488,104345.0,45 ST,Tuesday
489,114925.0,45 ST,Wednesday
490,281152.0,46 ST,Friday
491,132825.0,46 ST,Monday
492,258545.0,46 ST,Saturday
493,163225.0,46 ST,Sunday
494,283273.0,46 ST,Thursday
495,252933.0,46 ST,Tuesday
496,281467.0,46 ST,Wednesday
497,407679.0,46 ST BLISS ST,Friday
498,233610.0,46 ST BLISS ST,Monday
499,384842.0,46 ST BLISS ST,Saturday
500,282548.0,46 ST BLISS ST,Sunday
501,408631.0,46 ST BLISS ST,Thursday
502,360382.0,46 ST BLISS ST,Tuesday
503,402847.0,46 ST BLISS ST,Wednesday
504,2198885.0,47-50 STS ROCK,Friday
505,553461.0,47-50 STS ROCK,Monday
506,1925549.0,47-50 STS ROCK,Saturday
507,699896.0,47-50 STS ROCK,Sunday
508,2207854.0,47-50 STS ROCK,Thursday
509,1782964.0,47-50 STS ROCK,Tuesday
510,2136482.0,47-50 STS ROCK,Wednesday
511,858060.0,49 ST,Friday
512,471084.0,49 ST,Monday
513,786024.0,49 ST,Saturday
514,558514.0,49 ST,Sunday
515,867389.0,49 ST,Thursday
516,711401.0,49 ST,Tuesday
517,835946.0,49 ST,Wednesday
518,267152.0,4AV-9 ST,Friday
519,132485.0,4AV-9 ST,Monday
520,240159.0,4AV-9 ST,Saturday
521,167053.0,4AV-9 ST,Sunday
522,269084.0,4AV-9 ST,Thursday
523,230040.0,4AV-9 ST,Tuesday
524,264858.0,4AV-9 ST,Wednesday
525,999852.0,5 AV/53 ST,Friday
526,91386.0,5 AV/53 ST,Monday
527,833147.0,5 AV/53 ST,Saturday
528,116129.0,5 AV/53 ST,Sunday
529,938947.0,5 AV/53 ST,Thursday
530,759823.0,5 AV/53 ST,Tuesday
531,925200.0,5 AV/53 ST,Wednesday
532,571429.0,5 AV/59 ST,Friday
533,312620.0,5 AV/59 ST,Monday
534,516288.0,5 AV/59 ST,Saturday
535,377582.0,5 AV/59 ST,Sunday
536,583358.0,5 AV/59 ST,Thursday
537,498318.0,5 AV/59 ST,Tuesday
538,568593.0,5 AV/59 ST,Wednesday
539,355827.0,5 AVE,Friday
540,110385.0,5 AVE,Monday
541,307846.0,5 AVE,Saturday
542,140753.0,5 AVE,Sunday
543,356423.0,5 AVE,Thursday
544,83998905.0,5 AVE,Tuesday
545,349350.0,5 AVE,Wednesday
546,1498202.0,50 ST,Friday
547,699838.0,50 ST,Monday
548,1356794.0,50 ST,Saturday
549,813104.0,50 ST,Sunday
550,1488982.0,50 ST,Thursday
551,1231675.0,50 ST,Tuesday
552,1451839.0,50 ST,Wednesday
553,752051.0,51 ST,Friday
554,250521.0,51 ST,Monday
555,657296.0,51 ST,Saturday
556,313762.0,51 ST,Sunday
557,751547.0,51 ST,Thursday
558,611514.0,51 ST,Tuesday
559,729870.0,51 ST,Wednesday
560,225760.0,52 ST,Friday
561,122716.0,52 ST,Monday
562,209788.0,52 ST,Saturday
563,147328.0,52 ST,Sunday
564,227956.0,52 ST,Thursday
565,199963.0,52 ST,Tuesday
566,224629.0,52 ST,Wednesday
567,173426.0,53 ST,Friday
568,97819.0,53 ST,Monday
569,162457.0,53 ST,Saturday
570,117252.0,53 ST,Sunday
571,173799.0,53 ST,Thursday
572,160486.0,53 ST,Tuesday
573,175796.0,53 ST,Wednesday
574,57471.0,55 ST,Friday
575,26676.0,55 ST,Monday
576,47680.0,55 ST,Saturday
577,19040.0,55 ST,Sunday
578,56749.0,55 ST,Thursday
579,49526.0,55 ST,Tuesday
580,57862.0,55 ST,Wednesday
581,440787.0,57 ST,Friday
582,217848.0,57 ST,Monday
583,397691.0,57 ST,Saturday
584,261146.0,57 ST,Sunday
585,461235.0,57 ST,Thursday
586,375337.0,57 ST,Tuesday
587,435264.0,57 ST,Wednesday
588,488846.0,57 ST-7 AV,Friday
589,256479.0,57 ST-7 AV,Monday
590,414253.0,57 ST-7 AV,Saturday
591,310468.0,57 ST-7 AV,Sunday
592,488481.0,57 ST-7 AV,Thursday
593,411455.0,57 ST-7 AV,Tuesday
594,475122.0,57 ST-7 AV,Wednesday
595,2395501.0,59 ST,Friday
596,1061827.0,59 ST,Monday
597,2263052.0,59 ST,Saturday
598,1358431.0,59 ST,Sunday
599,2482297.0,59 ST,Thursday
600,2075231.0,59 ST,Tuesday
601,2423985.0,59 ST,Wednesday
602,2171109.0,59 ST COLUMBUS,Friday
603,1068020.0,59 ST COLUMBUS,Monday
604,1853976.0,59 ST COLUMBUS,Saturday
605,1276607.0,59 ST COLUMBUS,Sunday
606,2202753.0,59 ST COLUMBUS,Thursday
607,1831327.0,59 ST COLUMBUS,Tuesday
608,2132843.0,59 ST COLUMBUS,Wednesday
609,96186.0,6 AV,Friday
610,58000.0,6 AV,Monday
611,89204.0,6 AV,Saturday
612,68954.0,6 AV,Sunday
613,95695.0,6 AV,Thursday
614,82279.0,6 AV,Tuesday
615,92478.0,6 AV,Wednesday
616,606016.0,61 ST WOODSIDE,Friday
617,345437.0,61 ST WOODSIDE,Monday
618,572636.0,61 ST WOODSIDE,Saturday
619,424540.0,61 ST WOODSIDE,Sunday
620,609828.0,61 ST WOODSIDE,Thursday
621,548167.0,61 ST WOODSIDE,Tuesday
622,608766.0,61 ST WOODSIDE,Wednesday
623,403124.0,63 DR-REGO PARK,Friday
624,198358.0,63 DR-REGO PARK,Monday
625,367411.0,63 DR-REGO PARK,Saturday
626,243735.0,63 DR-REGO PARK,Sunday
627,399231.0,63 DR-REGO PARK,Thursday
628,355827.0,63 DR-REGO PARK,Tuesday
629,397418.0,63 DR-REGO PARK,Wednesday
630,107765.0,65 ST,Friday
631,55420.0,65 ST,Monday
632,101288.0,65 ST,Saturday
633,68046.0,65 ST,Sunday
634,105771.0,65 ST,Thursday
635,97253.0,65 ST,Tuesday
636,106883.0,65 ST,Wednesday
637,706210.0,66 ST-LINCOLN,Friday
638,320464.0,66 ST-LINCOLN,Monday
639,623946.0,66 ST-LINCOLN,Saturday
640,412976.0,66 ST-LINCOLN,Sunday
641,704828.0,66 ST-LINCOLN,Thursday
642,581362.0,66 ST-LINCOLN,Tuesday
643,682214.0,66 ST-LINCOLN,Wednesday
644,234909.0,67 AV,Friday
645,84433.0,67 AV,Monday
646,205156.0,67 AV,Saturday
647,103397.0,67 AV,Sunday
648,234363.0,67 AV,Thursday
649,199425.0,67 AV,Tuesday
650,233481.0,67 AV,Wednesday
651,886648.0,68ST-HUNTER CO,Friday
652,241319.0,68ST-HUNTER CO,Monday
653,700532.0,68ST-HUNTER CO,Saturday
654,314315.0,68ST-HUNTER CO,Sunday
655,873071.0,68ST-HUNTER CO,Thursday
656,718209.0,68ST-HUNTER CO,Tuesday
657,871279.0,68ST-HUNTER CO,Wednesday
658,114205.0,69 ST,Friday
659,83128.0,69 ST,Monday
660,112153.0,69 ST,Saturday
661,94871.0,69 ST,Sunday
662,115645.0,69 ST,Thursday
663,105461.0,69 ST,Tuesday
664,113879.0,69 ST,Wednesday
665,1138168.0,7 AV,Friday
666,388335.0,7 AV,Monday
667,1007684.0,7 AV,Saturday
668,482229.0,7 AV,Sunday
669,1133231.0,7 AV,Thursday
670,920662.0,7 AV,Tuesday
671,1117875.0,7 AV,Wednesday
672,149623.0,71 ST,Friday
673,74622.0,71 ST,Monday
674,137255.0,71 ST,Saturday
675,88397.0,71 ST,Sunday
676,150632.0,71 ST,Thursday
677,135941.0,71 ST,Tuesday
678,150830.0,71 ST,Wednesday
679,1523080.0,72 ST,Friday
680,890379.0,72 ST,Monday
681,1390200.0,72 ST,Saturday
682,998540.0,72 ST,Sunday
683,1540751.0,72 ST,Thursday
684,1320140.0,72 ST,Tuesday
685,1501942.0,72 ST,Wednesday
686,135162.0,74 ST-BROADWAY,Friday
687,114525.0,74 ST-BROADWAY,Monday
688,133681.0,74 ST-BROADWAY,Saturday
689,132250.0,74 ST-BROADWAY,Sunday
690,137717.0,74 ST-BROADWAY,Thursday
691,132498.0,74 ST-BROADWAY,Tuesday
692,138957.0,74 ST-BROADWAY,Wednesday
693,69945.0,75 AV,Friday
694,26320.0,75 AV,Monday
695,62073.0,75 AV,Saturday
696,32905.0,75 AV,Sunday
697,70057.0,75 AV,Thursday
698,59646.0,75 AV,Tuesday
699,69396.0,75 AV,Wednesday
700,117498.0,75 ST-ELDERTS,Friday
701,59189.0,75 ST-ELDERTS,Monday
702,105311.0,75 ST-ELDERTS,Saturday
703,73189.0,75 ST-ELDERTS,Sunday
704,120087.0,75 ST-ELDERTS,Thursday
705,105645.0,75 ST-ELDERTS,Tuesday
706,119661.0,75 ST-ELDERTS,Wednesday
707,1290663.0,77 ST,Friday
708,499953.0,77 ST,Monday
709,1140530.0,77 ST,Saturday
710,638366.0,77 ST,Sunday
711,1286586.0,77 ST,Thursday
712,1081131.0,77 ST,Tuesday
713,1284901.0,77 ST,Wednesday
714,517331.0,79 ST,Friday
715,291916.0,79 ST,Monday
716,472898.0,79 ST,Saturday
717,339387.0,79 ST,Sunday
718,513029.0,79 ST,Thursday
719,443725.0,79 ST,Tuesday
720,506537.0,79 ST,Wednesday
721,1070729.0,8 AV,Friday
722,736688.0,8 AV,Monday
723,1088934.0,8 AV,Saturday
724,845352.0,8 AV,Sunday
725,1052817.0,8 AV,Thursday
726,969001.0,8 AV,Tuesday
727,1074729.0,8 AV,Wednesday
728,541429.0,8 ST-NYU,Friday
729,327856.0,8 ST-NYU,Monday
730,491704.0,8 ST-NYU,Saturday
731,404276.0,8 ST-NYU,Sunday
732,529970.0,8 ST-NYU,Thursday
733,443080.0,8 ST-NYU,Tuesday
734,513687.0,8 ST-NYU,Wednesday
735,113761.0,80 ST,Friday
736,51152.0,80 ST,Monday
737,101690.0,80 ST,Saturday
738,63980.0,80 ST,Sunday
739,113799.0,80 ST,Thursday
740,99212.0,80 ST,Tuesday
741,113121.0,80 ST,Wednesday
742,465033.0,81 ST-MUSEUM,Friday
743,243282.0,81 ST-MUSEUM,Monday
744,434889.0,81 ST-MUSEUM,Saturday
745,265727.0,81 ST-MUSEUM,Sunday
746,464563.0,81 ST-MUSEUM,Thursday
747,397859.0,81 ST-MUSEUM,Tuesday
748,450885.0,81 ST-MUSEUM,Wednesday
749,427348.0,82 ST-JACKSON H,Friday
750,258965.0,82 ST-JACKSON H,Monday
751,408660.0,82 ST-JACKSON H,Saturday
752,331945.0,82 ST-JACKSON H,Sunday
753,428487.0,82 ST-JACKSON H,Thursday
754,389717.0,82 ST-JACKSON H,Tuesday
755,433183.0,82 ST-JACKSON H,Wednesday
756,82034.0,85 ST-FOREST PK,Friday
757,40658.0,85 ST-FOREST PK,Monday
758,76614.0,85 ST-FOREST PK,Saturday
759,53067.0,85 ST-FOREST PK,Sunday
760,83235.0,85 ST-FOREST PK,Thursday
761,73357.0,85 ST-FOREST PK,Tuesday
762,82785.0,85 ST-FOREST PK,Wednesday
763,3278029.0,86 ST,Friday
764,1594662.0,86 ST,Monday
765,3099222.0,86 ST,Saturday
766,1956542.0,86 ST,Sunday
767,3274608.0,86 ST,Thursday
768,2825705.0,86 ST,Tuesday
769,3235167.0,86 ST,Wednesday
770,71818.0,88 ST,Friday
771,25903.0,88 ST,Monday
772,64004.0,88 ST,Saturday
773,34283.0,88 ST,Sunday
774,72275.0,88 ST,Thursday
775,61661.0,88 ST,Tuesday
776,71407.0,88 ST,Wednesday
777,152713.0,9 AV,Friday
778,79851.0,9 AV,Monday
779,141004.0,9 AV,Saturday
780,91167.0,9 AV,Sunday
781,155649.0,9 AV,Thursday
782,141739.0,9 AV,Tuesday
783,155154.0,9 AV,Wednesday
784,280762.0,90 ST-ELMHURST,Friday
785,178835.0,90 ST-ELMHURST,Monday
786,265376.0,90 ST-ELMHURST,Saturday
787,216579.0,90 ST-ELMHURST,Sunday
788,282421.0,90 ST-ELMHURST,Thursday
789,259195.0,90 ST-ELMHURST,Tuesday
790,281323.0,90 ST-ELMHURST,Wednesday
791,1986023.0,96 ST,Friday
792,1035583.0,96 ST,Monday
793,1785267.0,96 ST,Saturday
794,1195227.0,96 ST,Sunday
795,1996565.0,96 ST,Thursday
796,1703365.0,96 ST,Tuesday
797,1975383.0,96 ST,Wednesday
798,126134.0,9TH STREET,Friday
799,53477.0,9TH STREET,Monday
800,113479.0,9TH STREET,Saturday
801,62511.0,9TH STREET,Sunday
802,124548.0,9TH STREET,Thursday
803,102409.0,9TH STREET,Tuesday
804,121896.0,9TH STREET,Wednesday
805,86646.0,ALABAMA AV,Friday
806,50336.0,ALABAMA AV,Monday
807,81627.0,ALABAMA AV,Saturday
808,62964.0,ALABAMA AV,Sunday
809,87215.0,ALABAMA AV,Thursday
810,78576.0,ALABAMA AV,Tuesday
811,86062.0,ALABAMA AV,Wednesday
812,121200.0,ALLERTON AV,Friday
813,57080.0,ALLERTON AV,Monday
814,115722.0,ALLERTON AV,Saturday
815,73833.0,ALLERTON AV,Sunday
816,120370.0,ALLERTON AV,Thursday
817,112199.0,ALLERTON AV,Tuesday
818,123740.0,ALLERTON AV,Wednesday
819,56717.0,AQUEDUCT N.COND,Friday
820,36207.0,AQUEDUCT N.COND,Monday
821,54710.0,AQUEDUCT N.COND,Saturday
822,44991.0,AQUEDUCT N.COND,Sunday
823,54633.0,AQUEDUCT N.COND,Thursday
824,49766.0,AQUEDUCT N.COND,Tuesday
825,51523.0,AQUEDUCT N.COND,Wednesday
826,37157.0,AQUEDUCT RACETR,Friday
827,40495.0,AQUEDUCT RACETR,Monday
828,37704.0,AQUEDUCT RACETR,Saturday
829,45259.0,AQUEDUCT RACETR,Sunday
830,34520.0,AQUEDUCT RACETR,Thursday
831,34576.0,AQUEDUCT RACETR,Tuesday
832,29139.0,AQUEDUCT RACETR,Wednesday
833,572773.0,ASTOR PL,Friday
834,250482.0,ASTOR PL,Monday
835,528009.0,ASTOR PL,Saturday
836,326649.0,ASTOR PL,Sunday
837,566204.0,ASTOR PL,Thursday
838,461917.0,ASTOR PL,Tuesday
839,546684.0,ASTOR PL,Wednesday
840,367078.0,ASTORIA BLVD,Friday
841,189658.0,ASTORIA BLVD,Monday
842,339870.0,ASTORIA BLVD,Saturday
843,233203.0,ASTORIA BLVD,Sunday
844,367996.0,ASTORIA BLVD,Thursday
845,315991.0,ASTORIA BLVD,Tuesday
846,361448.0,ASTORIA BLVD,Wednesday
847,552439.0,ASTORIA DITMARS,Friday
848,271781.0,ASTORIA DITMARS,Monday
849,508554.0,ASTORIA DITMARS,Saturday
850,335720.0,ASTORIA DITMARS,Sunday
851,553038.0,ASTORIA DITMARS,Thursday
852,476992.0,ASTORIA DITMARS,Tuesday
853,547645.0,ASTORIA DITMARS,Wednesday
854,1353294.0,ATL AV-BARCLAY,Friday
855,733472.0,ATL AV-BARCLAY,Monday
856,1274293.0,ATL AV-BARCLAY,Saturday
857,936276.0,ATL AV-BARCLAY,Sunday
858,1345664.0,ATL AV-BARCLAY,Thursday
859,1204110.0,ATL AV-BARCLAY,Tuesday
860,1334194.0,ATL AV-BARCLAY,Wednesday
861,38177.0,ATLANTIC AV,Friday
862,15313.0,ATLANTIC AV,Monday
863,36593.0,ATLANTIC AV,Saturday
864,18726.0,ATLANTIC AV,Sunday
865,38622.0,ATLANTIC AV,Thursday
866,33825.0,ATLANTIC AV,Tuesday
867,38457.0,ATLANTIC AV,Wednesday
868,94563.0,AVENUE H,Friday
869,41503.0,AVENUE H,Monday
870,75480.0,AVENUE H,Saturday
871,48371.0,AVENUE H,Sunday
872,94518.0,AVENUE H,Thursday
873,80590.0,AVENUE H,Tuesday
874,94377.0,AVENUE H,Wednesday
875,15328.0,AVENUE I,Friday
876,7833.0,AVENUE I,Monday
877,12693.0,AVENUE I,Saturday
878,6997.0,AVENUE I,Sunday
879,14842.0,AVENUE I,Thursday
880,14610.0,AVENUE I,Tuesday
881,15018.0,AVENUE I,Wednesday
882,122498.0,AVENUE J,Friday
883,60809.0,AVENUE J,Monday
884,104449.0,AVENUE J,Saturday
885,60498.0,AVENUE J,Sunday
886,122005.0,AVENUE J,Thursday
887,106955.0,AVENUE J,Tuesday
888,124432.0,AVENUE J,Wednesday
889,125099.0,AVENUE M,Friday
890,53823.0,AVENUE M,Monday
891,109837.0,AVENUE M,Saturday
892,50824.0,AVENUE M,Sunday
893,125026.0,AVENUE M,Thursday
894,107168.0,AVENUE M,Tuesday
895,127754.0,AVENUE M,Wednesday
896,77147.0,AVENUE N,Friday
897,33302.0,AVENUE N,Monday
898,67393.0,AVENUE N,Saturday
899,35234.0,AVENUE N,Sunday
900,79778.0,AVENUE N,Thursday
901,68354.0,AVENUE N,Tuesday
902,78292.0,AVENUE N,Wednesday
903,51388.0,AVENUE P,Friday
904,24491.0,AVENUE P,Monday
905,45544.0,AVENUE P,Saturday
906,28104.0,AVENUE P,Sunday
907,52654.0,AVENUE P,Thursday
908,46510.0,AVENUE P,Tuesday
909,52717.0,AVENUE P,Wednesday
910,278362.0,AVENUE U,Friday
911,100856780.0,AVENUE U,Monday
912,254798.0,AVENUE U,Saturday
913,184338.0,AVENUE U,Sunday
914,290792.0,AVENUE U,Thursday
915,254082.0,AVENUE U,Tuesday
916,289744.0,AVENUE U,Wednesday
917,69281.0,AVENUE X,Friday
918,28395.0,AVENUE X,Monday
919,61009.0,AVENUE X,Saturday
920,36320.0,AVENUE X,Sunday
921,68114.0,AVENUE X,Thursday
922,59060.0,AVENUE X,Tuesday
923,68604.0,AVENUE X,Wednesday
924,932748.0,B'WAY-LAFAYETTE,Friday
925,413955.0,B'WAY-LAFAYETTE,Monday
926,874033.0,B'WAY-LAFAYETTE,Saturday
927,557846.0,B'WAY-LAFAYETTE,Sunday
928,910975.0,B'WAY-LAFAYETTE,Thursday
929,755944.0,B'WAY-LAFAYETTE,Tuesday
930,890665.0,B'WAY-LAFAYETTE,Wednesday
931,65781.0,BAY 50 ST,Friday
932,30156.0,BAY 50 ST,Monday
933,58104.0,BAY 50 ST,Saturday
934,36897.0,BAY 50 ST,Sunday
935,65370.0,BAY 50 ST,Thursday
936,56748.0,BAY 50 ST,Tuesday
937,65004.0,BAY 50 ST,Wednesday
938,602011.0,BAY PKWY,Friday
939,325538.0,BAY PKWY,Monday
940,554071.0,BAY PKWY,Saturday
941,380210.0,BAY PKWY,Sunday
942,604280.0,BAY PKWY,Thursday
943,546470.0,BAY PKWY,Tuesday
944,151596317.0,BAY PKWY,Wednesday
945,193523.0,BAY RIDGE AV,Friday
946,95004.0,BAY RIDGE AV,Monday
947,176909.0,BAY RIDGE AV,Saturday
948,118793.0,BAY RIDGE AV,Sunday
949,194358.0,BAY RIDGE AV,Thursday
950,169863.0,BAY RIDGE AV,Tuesday
951,193069.0,BAY RIDGE AV,Wednesday
952,169855.0,BAY RIDGE-95 ST,Friday
953,70023.0,BAY RIDGE-95 ST,Monday
954,148941.0,BAY RIDGE-95 ST,Saturday
955,88426.0,BAY RIDGE-95 ST,Sunday
956,171176.0,BAY RIDGE-95 ST,Thursday
957,146720.0,BAY RIDGE-95 ST,Tuesday
958,170555.0,BAY RIDGE-95 ST,Wednesday
959,75395.0,BAYCHESTER AV,Friday
960,15919.0,BAYCHESTER AV,Monday
961,68258.0,BAYCHESTER AV,Saturday
962,20498.0,BAYCHESTER AV,Sunday
963,75010.0,BAYCHESTER AV,Thursday
964,63315.0,BAYCHESTER AV,Tuesday
965,74472.0,BAYCHESTER AV,Wednesday
966,11277.0,BEACH 105 ST,Friday
967,14711.0,BEACH 105 ST,Monday
968,11788.0,BEACH 105 ST,Saturday
969,16988.0,BEACH 105 ST,Sunday
970,12300.0,BEACH 105 ST,Thursday
971,11599.0,BEACH 105 ST,Tuesday
972,11457.0,BEACH 105 ST,Wednesday
973,67672.0,BEACH 25 ST,Friday
974,33751.0,BEACH 25 ST,Monday
975,61720.0,BEACH 25 ST,Saturday
976,41360.0,BEACH 25 ST,Sunday
977,68776.0,BEACH 25 ST,Thursday
978,60838.0,BEACH 25 ST,Tuesday
979,68403.0,BEACH 25 ST,Wednesday
980,34688.0,BEACH 36 ST,Friday
981,21122.0,BEACH 36 ST,Monday
982,31912.0,BEACH 36 ST,Saturday
983,23468.0,BEACH 36 ST,Sunday
984,34414.0,BEACH 36 ST,Thursday
985,30256.0,BEACH 36 ST,Tuesday
986,34370.0,BEACH 36 ST,Wednesday
987,25263.0,BEACH 44 ST,Friday
988,14516.0,BEACH 44 ST,Monday
989,23844.0,BEACH 44 ST,Saturday
990,17607.0,BEACH 44 ST,Sunday
991,25952.0,BEACH 44 ST,Thursday
992,22950.0,BEACH 44 ST,Tuesday
993,25292.0,BEACH 44 ST,Wednesday
994,86966.0,BEACH 60 ST,Friday
995,53255.0,BEACH 60 ST,Monday
996,80770.0,BEACH 60 ST,Saturday
997,62101.0,BEACH 60 ST,Sunday
998,87310.0,BEACH 60 ST,Thursday
999,78867.0,BEACH 60 ST,Tuesday
1000,86336.0,BEACH 60 ST,Wednesday
1001,92718.0,BEACH 67 ST,Friday
1002,77531.0,BEACH 67 ST,Monday
1003,89355.0,BEACH 67 ST,Saturday
1004,83355.0,BEACH 67 ST,Sunday
1005,95391.0,BEACH 67 ST,Thursday
1006,88417.0,BEACH 67 ST,Tuesday
1007,93585.0,BEACH 67 ST,Wednesday
1008,33219.0,BEACH 90 ST,Friday
1009,49628.0,BEACH 90 ST,Monday
1010,36130.0,BEACH 90 ST,Saturday
1011,58087.0,BEACH 90 ST,Sunday
1012,36882.0,BEACH 90 ST,Thursday
1013,36220.0,BEACH 90 ST,Tuesday
1014,34676.0,BEACH 90 ST,Wednesday
1015,21209.0,BEACH 98 ST,Friday
1016,34865.0,BEACH 98 ST,Monday
1017,23178.0,BEACH 98 ST,Saturday
1018,38249.0,BEACH 98 ST,Sunday
1019,24113.0,BEACH 98 ST,Thursday
1020,24450.0,BEACH 98 ST,Tuesday
1021,22410.0,BEACH 98 ST,Wednesday
1022,843421.0,BEDFORD AV,Friday
1023,75259602.0,BEDFORD AV,Monday
1024,802111.0,BEDFORD AV,Saturday
1025,872925.0,BEDFORD AV,Sunday
1026,823788.0,BEDFORD AV,Thursday
1027,719556.0,BEDFORD AV,Tuesday
1028,793437.0,BEDFORD AV,Wednesday
1029,333109.0,BEDFORD PK BLVD,Friday
1030,162945.0,BEDFORD PK BLVD,Monday
1031,297031.0,BEDFORD PK BLVD,Saturday
1032,199155.0,BEDFORD PK BLVD,Sunday
1033,336001.0,BEDFORD PK BLVD,Thursday
1034,285582.0,BEDFORD PK BLVD,Tuesday
1035,335708.0,BEDFORD PK BLVD,Wednesday
1036,220158.0,BEDFORD-NOSTRAN,Friday
1037,120370.0,BEDFORD-NOSTRAN,Monday
1038,204419.0,BEDFORD-NOSTRAN,Saturday
1039,146419.0,BEDFORD-NOSTRAN,Sunday
1040,219843.0,BEDFORD-NOSTRAN,Thursday
1041,192684.0,BEDFORD-NOSTRAN,Tuesday
1042,216699.0,BEDFORD-NOSTRAN,Wednesday
1043,397021.0,BERGEN ST,Friday
1044,181089.0,BERGEN ST,Monday
1045,363853.0,BERGEN ST,Saturday
1046,212156.0,BERGEN ST,Sunday
1047,395265.0,BERGEN ST,Thursday
1048,341465.0,BERGEN ST,Tuesday
1049,393256.0,BERGEN ST,Wednesday
1050,57045.0,BEVERLEY ROAD,Friday
1051,30702.0,BEVERLEY ROAD,Monday
1052,54744.0,BEVERLEY ROAD,Saturday
1053,37399.0,BEVERLEY ROAD,Sunday
1054,58647.0,BEVERLEY ROAD,Thursday
1055,51882.0,BEVERLEY ROAD,Tuesday
1056,59967.0,BEVERLEY ROAD,Wednesday
1057,78635.0,BEVERLY RD,Friday
1058,36116.0,BEVERLY RD,Monday
1059,73739.0,BEVERLY RD,Saturday
1060,46527.0,BEVERLY RD,Sunday
1061,79130.0,BEVERLY RD,Thursday
1062,71580.0,BEVERLY RD,Tuesday
1063,78360.0,BEVERLY RD,Wednesday
1064,380631.0,BLEECKER ST,Friday
1065,184371.0,BLEECKER ST,Monday
1066,341336.0,BLEECKER ST,Saturday
1067,233586.0,BLEECKER ST,Sunday
1068,374078.0,BLEECKER ST,Thursday
1069,303433.0,BLEECKER ST,Tuesday
1070,361611.0,BLEECKER ST,Wednesday
1071,1085907.0,BOROUGH HALL,Friday
1072,330687.0,BOROUGH HALL,Monday
1073,928554.0,BOROUGH HALL,Saturday
1074,415850.0,BOROUGH HALL,Sunday
1075,1086885.0,BOROUGH HALL,Thursday
1076,919440.0,BOROUGH HALL,Tuesday
1077,1079793.0,BOROUGH HALL,Wednesday
1078,60429.0,BOTANIC GARDEN,Friday
1079,33113.0,BOTANIC GARDEN,Monday
1080,55756.0,BOTANIC GARDEN,Saturday
1081,43355.0,BOTANIC GARDEN,Sunday
1082,60965.0,BOTANIC GARDEN,Thursday
1083,59598.0,BOTANIC GARDEN,Tuesday
1084,62723.0,BOTANIC GARDEN,Wednesday
1085,116760.0,BOWERY,Friday
1086,95190.0,BOWERY,Monday
1087,111964.0,BOWERY,Saturday
1088,113897.0,BOWERY,Sunday
1089,113529.0,BOWERY,Thursday
1090,103281.0,BOWERY,Tuesday
1091,109888.0,BOWERY,Wednesday
1092,1137188.0,BOWLING GREEN,Friday
1093,247019.0,BOWLING GREEN,Monday
1094,986896.0,BOWLING GREEN,Saturday
1095,306910.0,BOWLING GREEN,Sunday
1096,1127614.0,BOWLING GREEN,Thursday
1097,961326.0,BOWLING GREEN,Tuesday
1098,1128841.0,BOWLING GREEN,Wednesday
1099,124830.0,BRIARWOOD,Friday
1100,50752.0,BRIARWOOD,Monday
1101,111889.0,BRIARWOOD,Saturday
1102,60704.0,BRIARWOOD,Sunday
1103,124346.0,BRIARWOOD,Thursday
1104,108571.0,BRIARWOOD,Tuesday
1105,125414.0,BRIARWOOD,Wednesday
1106,369367.0,BRIGHTON BEACH,Friday
1107,245401.0,BRIGHTON BEACH,Monday
1108,325455.0,BRIGHTON BEACH,Saturday
1109,231315.0,BRIGHTON BEACH,Sunday
1110,383835.0,BRIGHTON BEACH,Thursday
1111,329765.0,BRIGHTON BEACH,Tuesday
1112,378592.0,BRIGHTON BEACH,Wednesday
1113,7405.0,BROAD CHANNEL,Friday
1114,3770.0,BROAD CHANNEL,Monday
1115,6563.0,BROAD CHANNEL,Saturday
1116,4452.0,BROAD CHANNEL,Sunday
1117,7318.0,BROAD CHANNEL,Thursday
1118,6627.0,BROAD CHANNEL,Tuesday
1119,7402.0,BROAD CHANNEL,Wednesday
1120,177633.0,BROAD ST,Friday
1121,48718.0,BROAD ST,Monday
1122,158060.0,BROAD ST,Saturday
1123,65473.0,BROAD ST,Sunday
1124,180149.0,BROAD ST,Thursday
1125,152523.0,BROAD ST,Tuesday
1126,177673.0,BROAD ST,Wednesday
1127,514968.0,BROADWAY,Friday
1128,290760.0,BROADWAY,Monday
1129,477947.0,BROADWAY,Saturday
1130,355963.0,BROADWAY,Sunday
1131,514490.0,BROADWAY,Thursday
1132,455026.0,BROADWAY,Tuesday
1133,505747.0,BROADWAY,Wednesday
1134,312204.0,BROADWAY JCT,Friday
1135,212594.0,BROADWAY JCT,Monday
1136,292694.0,BROADWAY JCT,Saturday
1137,260667.0,BROADWAY JCT,Sunday
1138,306098.0,BROADWAY JCT,Thursday
1139,275250.0,BROADWAY JCT,Tuesday
1140,303391.0,BROADWAY JCT,Wednesday
1141,61908.0,BRONX PARK EAST,Friday
1142,23221.0,BRONX PARK EAST,Monday
1143,56385.0,BRONX PARK EAST,Saturday
1144,30030.0,BRONX PARK EAST,Sunday
1145,62720.0,BRONX PARK EAST,Thursday
1146,56501.0,BRONX PARK EAST,Tuesday
1147,64317.0,BRONX PARK EAST,Wednesday
1148,191908.0,BROOK AV,Friday
1149,105516.0,BROOK AV,Monday
1150,186015.0,BROOK AV,Saturday
1151,128016.0,BROOK AV,Sunday
1152,194494.0,BROOK AV,Thursday
1153,174155.0,BROOK AV,Tuesday
1154,189936.0,BROOK AV,Wednesday
1155,707904.0,BROOKLYN BRIDGE,Friday
1156,238359.0,BROOKLYN BRIDGE,Monday
1157,588676.0,BROOKLYN BRIDGE,Saturday
1158,305231.0,BROOKLYN BRIDGE,Sunday
1159,710203.0,BROOKLYN BRIDGE,Thursday
1160,584779.0,BROOKLYN BRIDGE,Tuesday
1161,703623.0,BROOKLYN BRIDGE,Wednesday
1162,117385.0,BUHRE AV,Friday
1163,41222.0,BUHRE AV,Monday
1164,109295.0,BUHRE AV,Saturday
1165,54825.0,BUHRE AV,Sunday
1166,117352.0,BUHRE AV,Thursday
1167,101223.0,BUHRE AV,Tuesday
1168,117828.0,BUHRE AV,Wednesday
1169,77967.0,BURKE AV,Friday
1170,34859.0,BURKE AV,Monday
1171,72204.0,BURKE AV,Saturday
1172,45269.0,BURKE AV,Sunday
1173,78315.0,BURKE AV,Thursday
1174,70877.0,BURKE AV,Tuesday
1175,79837.0,BURKE AV,Wednesday
1176,291125.0,BURNSIDE AV,Friday
1177,152478.0,BURNSIDE AV,Monday
1178,257808.0,BURNSIDE AV,Saturday
1179,193252.0,BURNSIDE AV,Sunday
1180,288843.0,BURNSIDE AV,Thursday
1181,257258.0,BURNSIDE AV,Tuesday
1182,289817.0,BURNSIDE AV,Wednesday
1183,58650.0,BUSHWICK AV,Friday
1184,32643.0,BUSHWICK AV,Monday
1185,55246.0,BUSHWICK AV,Saturday
1186,41544.0,BUSHWICK AV,Sunday
1187,59240.0,BUSHWICK AV,Thursday
1188,53070.0,BUSHWICK AV,Tuesday
1189,57998.0,BUSHWICK AV,Wednesday
1190,2044682.0,CANAL ST,Friday
1191,1075990.0,CANAL ST,Monday
1192,1890123.0,CANAL ST,Saturday
1193,1344274.0,CANAL ST,Sunday
1194,2013552.0,CANAL ST,Thursday
1195,1747034.0,CANAL ST,Tuesday
1196,1994600.0,CANAL ST,Wednesday
1197,266772.0,CANARSIE-ROCKAW,Friday
1198,97009.0,CANARSIE-ROCKAW,Monday
1199,249731.0,CANARSIE-ROCKAW,Saturday
1200,125121.0,CANARSIE-ROCKAW,Sunday
1201,264927.0,CANARSIE-ROCKAW,Thursday
1202,240931.0,CANARSIE-ROCKAW,Tuesday
1203,261456.0,CANARSIE-ROCKAW,Wednesday
1204,274993.0,CARROLL ST,Friday
1205,101590.0,CARROLL ST,Monday
1206,245226.0,CARROLL ST,Saturday
1207,127015.0,CARROLL ST,Sunday
1208,275536.0,CARROLL ST,Thursday
1209,226417.0,CARROLL ST,Tuesday
1210,270092.0,CARROLL ST,Wednesday
1211,184915.0,CASTLE HILL AV,Friday
1212,88597.0,CASTLE HILL AV,Monday
1213,173293.0,CASTLE HILL AV,Saturday
1214,109456.0,CASTLE HILL AV,Sunday
1215,185925.0,CASTLE HILL AV,Thursday
1216,164820.0,CASTLE HILL AV,Tuesday
1217,184576.0,CASTLE HILL AV,Wednesday
1218,528898.0,CATHEDRAL PKWY,Friday
1219,263692.0,CATHEDRAL PKWY,Monday
1220,491098.0,CATHEDRAL PKWY,Saturday
1221,303136.0,CATHEDRAL PKWY,Sunday
1222,528534.0,CATHEDRAL PKWY,Thursday
1223,451511.0,CATHEDRAL PKWY,Tuesday
1224,519418.0,CATHEDRAL PKWY,Wednesday
1225,125092.0,CENTRAL AV,Friday
1226,44182.0,CENTRAL AV,Monday
1227,115428.0,CENTRAL AV,Saturday
1228,56538.0,CENTRAL AV,Sunday
1229,124508.0,CENTRAL AV,Thursday
1230,106219.0,CENTRAL AV,Tuesday
1231,123090.0,CENTRAL AV,Wednesday
1232,300210.0,CENTRAL PK N110,Friday
1233,187541.0,CENTRAL PK N110,Monday
1234,279969.0,CENTRAL PK N110,Saturday
1235,214331.0,CENTRAL PK N110,Sunday
1236,305453.0,CENTRAL PK N110,Thursday
1237,269832.0,CENTRAL PK N110,Tuesday
1238,297516.0,CENTRAL PK N110,Wednesday
1239,2019178.0,CHAMBERS ST,Friday
1240,66362185.0,CHAMBERS ST,Monday
1241,1652542.0,CHAMBERS ST,Saturday
1242,780834.0,CHAMBERS ST,Sunday
1243,2013722.0,CHAMBERS ST,Thursday
1244,1658241.0,CHAMBERS ST,Tuesday
1245,1989503.0,CHAMBERS ST,Wednesday
1246,81679.0,CHAUNCEY ST,Friday
1247,49595.0,CHAUNCEY ST,Monday
1248,77897.0,CHAUNCEY ST,Saturday
1249,61553.0,CHAUNCEY ST,Sunday
1250,82230.0,CHAUNCEY ST,Thursday
1251,74093.0,CHAUNCEY ST,Tuesday
1252,81171.0,CHAUNCEY ST,Wednesday
1253,442872.0,CHRISTOPHER ST,Friday
1254,225665.0,CHRISTOPHER ST,Monday
1255,420630.0,CHRISTOPHER ST,Saturday
1256,271289.0,CHRISTOPHER ST,Sunday
1257,440469.0,CHRISTOPHER ST,Thursday
1258,367624.0,CHRISTOPHER ST,Tuesday
1259,428678.0,CHRISTOPHER ST,Wednesday
1260,1075944.0,CHURCH AV,Friday
1261,549684.0,CHURCH AV,Monday
1262,1006116.0,CHURCH AV,Saturday
1263,668710.0,CHURCH AV,Sunday
1264,1082175.0,CHURCH AV,Thursday
1265,946585.0,CHURCH AV,Tuesday
1266,1069738.0,CHURCH AV,Wednesday
1267,522997.0,CITY / BUS,Friday
1268,166994.0,CITY / BUS,Monday
1269,470956.0,CITY / BUS,Saturday
1270,228956.0,CITY / BUS,Sunday
1271,528097.0,CITY / BUS,Thursday
1272,437390.0,CITY / BUS,Tuesday
1273,518407.0,CITY / BUS,Wednesday
1274,185513.0,CITY HALL,Friday
1275,64795.0,CITY HALL,Monday
1276,157753.0,CITY HALL,Saturday
1277,82984.0,CITY HALL,Sunday
1278,185084.0,CITY HALL,Thursday
1279,152478.0,CITY HALL,Tuesday
1280,182750.0,CITY HALL,Wednesday
1281,167442.0,CLARK ST,Friday
1282,119877.0,CLARK ST,Monday
1283,149431.0,CLARK ST,Saturday
1284,136004.0,CLARK ST,Sunday
1285,165512.0,CLARK ST,Thursday
1286,152237.0,CLARK ST,Tuesday
1287,163620.0,CLARK ST,Wednesday
1288,159814.0,CLASSON AV,Friday
1289,71408.0,CLASSON AV,Monday
1290,147675.0,CLASSON AV,Saturday
1291,87554.0,CLASSON AV,Sunday
1292,159678.0,CLASSON AV,Thursday
1293,137687.0,CLASSON AV,Tuesday
1294,156814.0,CLASSON AV,Wednesday
1295,109444.0,CLEVELAND ST,Friday
1296,66460.0,CLEVELAND ST,Monday
1297,106620.0,CLEVELAND ST,Saturday
1298,81858.0,CLEVELAND ST,Sunday
1299,117227.0,CLEVELAND ST,Thursday
1300,102451.0,CLEVELAND ST,Tuesday
1301,112820.0,CLEVELAND ST,Wednesday
1302,279600.0,CLINTON-WASH AV,Friday
1303,126365.0,CLINTON-WASH AV,Monday
1304,252334.0,CLINTON-WASH AV,Saturday
1305,163822.0,CLINTON-WASH AV,Sunday
1306,273830.0,CLINTON-WASH AV,Thursday
1307,230860.0,CLINTON-WASH AV,Tuesday
1308,269170.0,CLINTON-WASH AV,Wednesday
1309,532797.0,CONEY IS-STILLW,Friday
1310,590835.0,CONEY IS-STILLW,Monday
1311,610110.0,CONEY IS-STILLW,Saturday
1312,645987.0,CONEY IS-STILLW,Sunday
1313,560924.0,CONEY IS-STILLW,Thursday
1314,544784.0,CONEY IS-STILLW,Tuesday
1315,551179.0,CONEY IS-STILLW,Wednesday
1316,139061.0,CORTELYOU RD,Friday
1317,75610.0,CORTELYOU RD,Monday
1318,128815.0,CORTELYOU RD,Saturday
1319,89256.0,CORTELYOU RD,Sunday
1320,139975.0,CORTELYOU RD,Thursday
1321,121650.0,CORTELYOU RD,Tuesday
1322,139367.0,CORTELYOU RD,Wednesday
1323,422930.0,CORTLANDT ST,Friday
1324,289329.0,CORTLANDT ST,Monday
1325,390281.0,CORTLANDT ST,Saturday
1326,350592.0,CORTLANDT ST,Sunday
1327,410353.0,CORTLANDT ST,Thursday
1328,368700.0,CORTLANDT ST,Tuesday
1329,415516.0,CORTLANDT ST,Wednesday
1330,475322.0,COURT SQ,Friday
1331,154954.0,COURT SQ,Monday
1332,381944.0,COURT SQ,Saturday
1333,215334.0,COURT SQ,Sunday
1334,467707.0,COURT SQ,Thursday
1335,392144.0,COURT SQ,Tuesday
1336,460285.0,COURT SQ,Wednesday
1337,191698.0,COURT SQ-23 ST,Friday
1338,34172.0,COURT SQ-23 ST,Monday
1339,169676.0,COURT SQ-23 ST,Saturday
1340,46920.0,COURT SQ-23 ST,Sunday
1341,188568.0,COURT SQ-23 ST,Thursday
1342,156714.0,COURT SQ-23 ST,Tuesday
1343,186440.0,COURT SQ-23 ST,Wednesday
1344,170968.0,CRESCENT ST,Friday
1345,96653.0,CRESCENT ST,Monday
1346,162713.0,CRESCENT ST,Saturday
1347,121527.0,CRESCENT ST,Sunday
1348,172029.0,CRESCENT ST,Thursday
1349,155509.0,CRESCENT ST,Tuesday
1350,173070.0,CRESCENT ST,Wednesday
1351,768115.0,CROWN HTS-UTICA,Friday
1352,385467.0,CROWN HTS-UTICA,Monday
1353,710783.0,CROWN HTS-UTICA,Saturday
1354,492888.0,CROWN HTS-UTICA,Sunday
1355,772173.0,CROWN HTS-UTICA,Thursday
1356,691282.0,CROWN HTS-UTICA,Tuesday
1357,762550.0,CROWN HTS-UTICA,Wednesday
1358,113239.0,CYPRESS AV,Friday
1359,50049.0,CYPRESS AV,Monday
1360,107757.0,CYPRESS AV,Saturday
1361,68433.0,CYPRESS AV,Sunday
1362,111547.0,CYPRESS AV,Thursday
1363,98951.0,CYPRESS AV,Tuesday
1364,112831.0,CYPRESS AV,Wednesday
1365,41211.0,CYPRESS HILLS,Friday
1366,19992.0,CYPRESS HILLS,Monday
1367,37160.0,CYPRESS HILLS,Saturday
1368,24667.0,CYPRESS HILLS,Sunday
1369,40580.0,CYPRESS HILLS,Thursday
1370,35707.0,CYPRESS HILLS,Tuesday
1371,40338.0,CYPRESS HILLS,Wednesday
1372,670688.0,DEKALB AV,Friday
1373,321515.0,DEKALB AV,Monday
1374,608028.0,DEKALB AV,Saturday
1375,398142.0,DEKALB AV,Sunday
1376,674256.0,DEKALB AV,Thursday
1377,583617.0,DEKALB AV,Tuesday
1378,665344.0,DEKALB AV,Wednesday
1379,764404.0,DELANCEY/ESSEX,Friday
1380,456421.0,DELANCEY/ESSEX,Monday
1381,750712.0,DELANCEY/ESSEX,Saturday
1382,580678.0,DELANCEY/ESSEX,Sunday
1383,746278.0,DELANCEY/ESSEX,Thursday
1384,631126.0,DELANCEY/ESSEX,Tuesday
1385,724562.0,DELANCEY/ESSEX,Wednesday
1386,105772.0,DITMAS AV,Friday
1387,54295.0,DITMAS AV,Monday
1388,92418.0,DITMAS AV,Saturday
1389,54516.0,DITMAS AV,Sunday
1390,106520.0,DITMAS AV,Thursday
1391,93795.0,DITMAS AV,Tuesday
1392,82441219.0,DITMAS AV,Wednesday
1393,237755.0,DYCKMAN ST,Friday
1394,147049.0,DYCKMAN ST,Monday
1395,224789.0,DYCKMAN ST,Saturday
1396,162327.0,DYCKMAN ST,Sunday
1397,237064.0,DYCKMAN ST,Thursday
1398,212315.0,DYCKMAN ST,Tuesday
1399,234877.0,DYCKMAN ST,Wednesday
1400,35759.0,E 143/ST MARY'S,Friday
1401,15493.0,E 143/ST MARY'S,Monday
1402,32475.0,E 143/ST MARY'S,Saturday
1403,18648.0,E 143/ST MARY'S,Sunday
1404,35782.0,E 143/ST MARY'S,Thursday
1405,30948.0,E 143/ST MARY'S,Tuesday
1406,35808.0,E 143/ST MARY'S,Wednesday
1407,148277.0,E 149 ST,Friday
1408,79843.0,E 149 ST,Monday
1409,143971.0,E 149 ST,Saturday
1410,97590.0,E 149 ST,Sunday
1411,152979.0,E 149 ST,Thursday
1412,133048.0,E 149 ST,Tuesday
1413,150426.0,E 149 ST,Wednesday
1414,234867.0,E 180 ST,Friday
1415,149996.0,E 180 ST,Monday
1416,217416.0,E 180 ST,Saturday
1417,192970.0,E 180 ST,Sunday
1418,246701.0,E 180 ST,Thursday
1419,211193.0,E 180 ST,Tuesday
1420,234012.0,E 180 ST,Wednesday
1421,131810.0,EAST 105 ST,Friday
1422,45358.0,EAST 105 ST,Monday
1423,122431.0,EAST 105 ST,Saturday
1424,57434.0,EAST 105 ST,Sunday
1425,131938.0,EAST 105 ST,Thursday
1426,116220.0,EAST 105 ST,Tuesday
1427,133313.0,EAST 105 ST,Wednesday
1428,299153.0,EAST BROADWAY,Friday
1429,202383.0,EAST BROADWAY,Monday
1430,282901.0,EAST BROADWAY,Saturday
1431,229518.0,EAST BROADWAY,Sunday
1432,300114.0,EAST BROADWAY,Thursday
1433,379275.0,EAST BROADWAY,Tuesday
1434,309762.0,EAST BROADWAY,Wednesday
1435,153537.0,EASTCHSTER/DYRE,Friday
1436,32669.0,EASTCHSTER/DYRE,Monday
1437,175661.0,EASTCHSTER/DYRE,Saturday
1438,43903.0,EASTCHSTER/DYRE,Sunday
1439,152319.0,EASTCHSTER/DYRE,Thursday
1440,136742.0,EASTCHSTER/DYRE,Tuesday
1441,152359.0,EASTCHSTER/DYRE,Wednesday
1442,153798.0,EASTN PKWY-MUSM,Friday
1443,90992.0,EASTN PKWY-MUSM,Monday
1444,128785.0,EASTN PKWY-MUSM,Saturday
1445,118634.0,EASTN PKWY-MUSM,Sunday
1446,149714.0,EASTN PKWY-MUSM,Thursday
1447,120213.0,EASTN PKWY-MUSM,Tuesday
1448,146453.0,EASTN PKWY-MUSM,Wednesday
1449,118393.0,ELDER AV,Friday
1450,65807.0,ELDER AV,Monday
1451,110944.0,ELDER AV,Saturday
1452,82516.0,ELDER AV,Sunday
1453,120010.0,ELDER AV,Thursday
1454,107984.0,ELDER AV,Tuesday
1455,118783.0,ELDER AV,Wednesday
1456,279287.0,ELMHURST AV,Friday
1457,153203.0,ELMHURST AV,Monday
1458,261648.0,ELMHURST AV,Saturday
1459,180611.0,ELMHURST AV,Sunday
1460,279746.0,ELMHURST AV,Thursday
1461,253422.0,ELMHURST AV,Tuesday
1462,277073.0,ELMHURST AV,Wednesday
1463,160466.0,EUCLID AV,Friday
1464,77016.0,EUCLID AV,Monday
1465,145105.0,EUCLID AV,Saturday
1466,96737.0,EUCLID AV,Sunday
1467,154109.0,EUCLID AV,Thursday
1468,129440.0,EUCLID AV,Tuesday
1469,149981.0,EUCLID AV,Wednesday
1470,593844.0,EXCHANGE PLACE,Friday
1471,131064.0,EXCHANGE PLACE,Monday
1472,491245.0,EXCHANGE PLACE,Saturday
1473,166352.0,EXCHANGE PLACE,Sunday
1474,598549.0,EXCHANGE PLACE,Thursday
1475,497921.0,EXCHANGE PLACE,Tuesday
1476,594069.0,EXCHANGE PLACE,Wednesday
1477,174460.0,FAR ROCKAWAY,Friday
1478,93244.0,FAR ROCKAWAY,Monday
1479,163210.0,FAR ROCKAWAY,Saturday
1480,114130.0,FAR ROCKAWAY,Sunday
1481,174456.0,FAR ROCKAWAY,Thursday
1482,158069.0,FAR ROCKAWAY,Tuesday
1483,172333.0,FAR ROCKAWAY,Wednesday
1484,514739.0,FLATBUSH AV-B.C,Friday
1485,193336.0,FLATBUSH AV-B.C,Monday
1486,448423.0,FLATBUSH AV-B.C,Saturday
1487,254461.0,FLATBUSH AV-B.C,Sunday
1488,513141.0,FLATBUSH AV-B.C,Thursday
1489,447780.0,FLATBUSH AV-B.C,Tuesday
1490,510715.0,FLATBUSH AV-B.C,Wednesday
1491,303234.0,FLUSHING AV,Friday
1492,140009.0,FLUSHING AV,Monday
1493,280819.0,FLUSHING AV,Saturday
1494,173702.0,FLUSHING AV,Sunday
1495,303271.0,FLUSHING AV,Thursday
1496,269278.0,FLUSHING AV,Tuesday
1497,302732.0,FLUSHING AV,Wednesday
1498,1867666.0,FLUSHING-MAIN,Friday
1499,1050771.0,FLUSHING-MAIN,Monday
1500,1739897.0,FLUSHING-MAIN,Saturday
1501,1296524.0,FLUSHING-MAIN,Sunday
1502,1882365.0,FLUSHING-MAIN,Thursday
1503,1701808.0,FLUSHING-MAIN,Tuesday
1504,1885843.0,FLUSHING-MAIN,Wednesday
1505,522510.0,FORDHAM RD,Friday
1506,307500.0,FORDHAM RD,Monday
1507,523405.0,FORDHAM RD,Saturday
1508,397125.0,FORDHAM RD,Sunday
1509,548839.0,FORDHAM RD,Thursday
1510,490765.0,FORDHAM RD,Tuesday
1511,535462.0,FORDHAM RD,Wednesday
1512,130466.0,FOREST AVE,Friday
1513,47093.0,FOREST AVE,Monday
1514,118812.0,FOREST AVE,Saturday
1515,63059.0,FOREST AVE,Sunday
1516,132492.0,FOREST AVE,Thursday
1517,111579.0,FOREST AVE,Tuesday
1518,130407.0,FOREST AVE,Wednesday
1519,725294.0,FOREST HILLS 71,Friday
1520,285563.0,FOREST HILLS 71,Monday
1521,649646.0,FOREST HILLS 71,Saturday
1522,373956.0,FOREST HILLS 71,Sunday
1523,720954.0,FOREST HILLS 71,Thursday
1524,606448.0,FOREST HILLS 71,Tuesday
1525,710162.0,FOREST HILLS 71,Wednesday
1526,477571.0,FRANKLIN AV,Friday
1527,247805.0,FRANKLIN AV,Monday
1528,442333.0,FRANKLIN AV,Saturday
1529,299822.0,FRANKLIN AV,Sunday
1530,482379.0,FRANKLIN AV,Thursday
1531,431086.0,FRANKLIN AV,Tuesday
1532,471341.0,FRANKLIN AV,Wednesday
1533,170369.0,FRANKLIN ST,Friday
1534,56414.0,FRANKLIN ST,Monday
1535,145630.0,FRANKLIN ST,Saturday
1536,70511.0,FRANKLIN ST,Sunday
1537,169041.0,FRANKLIN ST,Thursday
1538,136471.0,FRANKLIN ST,Tuesday
1539,165908.0,FRANKLIN ST,Wednesday
1540,143556.0,FREEMAN ST,Friday
1541,80490.0,FREEMAN ST,Monday
1542,143513.0,FREEMAN ST,Saturday
1543,99012.0,FREEMAN ST,Sunday
1544,144551.0,FREEMAN ST,Thursday
1545,128412.0,FREEMAN ST,Tuesday
1546,142687.0,FREEMAN ST,Wednesday
1547,210405.0,FRESH POND RD,Friday
1548,76152.0,FRESH POND RD,Monday
1549,189241.0,FRESH POND RD,Saturday
1550,102078.0,FRESH POND RD,Sunday
1551,210326.0,FRESH POND RD,Thursday
1552,179385.0,FRESH POND RD,Tuesday
1553,208517.0,FRESH POND RD,Wednesday
1554,273871.0,FT HAMILTON PKY,Friday
1555,135099.0,FT HAMILTON PKY,Monday
1556,266437.0,FT HAMILTON PKY,Saturday
1557,149131.0,FT HAMILTON PKY,Sunday
1558,284968.0,FT HAMILTON PKY,Thursday
1559,248055.0,FT HAMILTON PKY,Tuesday
1560,281619.0,FT HAMILTON PKY,Wednesday
1561,2947476.0,FULTON ST,Friday
1562,865893.0,FULTON ST,Monday
1563,2565126.0,FULTON ST,Saturday
1564,2862873.0,FULTON ST,Sunday
1565,2903007.0,FULTON ST,Thursday
1566,119912704.0,FULTON ST,Tuesday
1567,2875323.0,FULTON ST,Wednesday
1568,156432.0,GATES AV,Friday
1569,89727.0,GATES AV,Monday
1570,147642.0,GATES AV,Saturday
1571,111452.0,GATES AV,Sunday
1572,157512.0,GATES AV,Thursday
1573,139034.0,GATES AV,Tuesday
1574,154430.0,GATES AV,Wednesday
1575,257744.0,GRAHAM AV,Friday
1576,141091.0,GRAHAM AV,Monday
1577,242069.0,GRAHAM AV,Saturday
1578,171876.0,GRAHAM AV,Sunday
1579,258228.0,GRAHAM AV,Thursday
1580,227251.0,GRAHAM AV,Tuesday
1581,255624.0,GRAHAM AV,Wednesday
1582,178093.0,GRAND ARMY PLAZ,Friday
1583,89095.0,GRAND ARMY PLAZ,Monday
1584,154076.0,GRAND ARMY PLAZ,Saturday
1585,107984.0,GRAND ARMY PLAZ,Sunday
1586,178113.0,GRAND ARMY PLAZ,Thursday
1587,163532.0,GRAND ARMY PLAZ,Tuesday
1588,176998.0,GRAND ARMY PLAZ,Wednesday
1589,881231.0,GRAND ST,Friday
1590,477611.0,GRAND ST,Monday
1591,856435.0,GRAND ST,Saturday
1592,563453.0,GRAND ST,Sunday
1593,879882.0,GRAND ST,Thursday
1594,789623.0,GRAND ST,Tuesday
1595,875321.0,GRAND ST,Wednesday
1596,449706.0,GRAND-NEWTOWN,Friday
1597,226789.0,GRAND-NEWTOWN,Monday
1598,423400.0,GRAND-NEWTOWN,Saturday
1599,275891.0,GRAND-NEWTOWN,Sunday
1600,450433.0,GRAND-NEWTOWN,Thursday
1601,402414.0,GRAND-NEWTOWN,Tuesday
1602,449064.0,GRAND-NEWTOWN,Wednesday
1603,201988.0,GRANT AV,Friday
1604,104643.0,GRANT AV,Monday
1605,189431.0,GRANT AV,Saturday
1606,130568.0,GRANT AV,Sunday
1607,204113.0,GRANT AV,Thursday
1608,180917.0,GRANT AV,Tuesday
1609,203647.0,GRANT AV,Wednesday
1610,5110914.0,GRD CNTRL-42 ST,Friday
1611,1526559.0,GRD CNTRL-42 ST,Monday
1612,4398080.0,GRD CNTRL-42 ST,Saturday
1613,1868807.0,GRD CNTRL-42 ST,Sunday
1614,5106061.0,GRD CNTRL-42 ST,Thursday
1615,4260437.0,GRD CNTRL-42 ST,Tuesday
1616,5005351.0,GRD CNTRL-42 ST,Wednesday
1617,271652.0,GREENPOINT AV,Friday
1618,117521.0,GREENPOINT AV,Monday
1619,256564.0,GREENPOINT AV,Saturday
1620,154398.0,GREENPOINT AV,Sunday
1621,270789.0,GREENPOINT AV,Thursday
1622,233309.0,GREENPOINT AV,Tuesday
1623,265461.0,GREENPOINT AV,Wednesday
1624,520910.0,GROVE STREET,Friday
1625,196078.0,GROVE STREET,Monday
1626,459363.0,GROVE STREET,Saturday
1627,256950.0,GROVE STREET,Sunday
1628,515998.0,GROVE STREET,Thursday
1629,434204.0,GROVE STREET,Tuesday
1630,505710.0,GROVE STREET,Wednesday
1631,376294.0,GUN HILL RD,Friday
1632,174049.0,GUN HILL RD,Monday
1633,380774.0,GUN HILL RD,Saturday
1634,223741.0,GUN HILL RD,Sunday
1635,387644.0,GUN HILL RD,Thursday
1636,337993.0,GUN HILL RD,Tuesday
1637,381968.0,GUN HILL RD,Wednesday
1638,379337.0,HALSEY ST,Friday
1639,216561.0,HALSEY ST,Monday
1640,363021.0,HALSEY ST,Saturday
1641,247332.0,HALSEY ST,Sunday
1642,380783.0,HALSEY ST,Thursday
1643,340598.0,HALSEY ST,Tuesday
1644,373682.0,HALSEY ST,Wednesday
1645,118397.0,HARLEM 148 ST,Friday
1646,66804.0,HARLEM 148 ST,Monday
1647,122213.0,HARLEM 148 ST,Saturday
1648,76674.0,HARLEM 148 ST,Sunday
1649,124950.0,HARLEM 148 ST,Thursday
1650,110623.0,HARLEM 148 ST,Tuesday
1651,124767.0,HARLEM 148 ST,Wednesday
1652,268138.0,HARRISON,Friday
1653,98728.0,HARRISON,Monday
1654,233978.0,HARRISON,Saturday
1655,116008.0,HARRISON,Sunday
1656,279136.0,HARRISON,Thursday
1657,228257.0,HARRISON,Tuesday
1658,264015.0,HARRISON,Wednesday
1659,72119.0,HEWES ST,Friday
1660,32956.0,HEWES ST,Monday
1661,66395.0,HEWES ST,Saturday
1662,37732.0,HEWES ST,Sunday
1663,71649.0,HEWES ST,Thursday
1664,62781.0,HEWES ST,Tuesday
1665,71541.0,HEWES ST,Wednesday
1666,340887.0,HIGH ST,Friday
1667,108935.0,HIGH ST,Monday
1668,3676817957.0,HIGH ST,Saturday
1669,120420.0,HIGH ST,Sunday
1670,332015.0,HIGH ST,Thursday
1671,302701.0,HIGH ST,Tuesday
1672,330859.0,HIGH ST,Wednesday
1673,450615.0,HOUSTON ST,Friday
1674,115896.0,HOUSTON ST,Monday
1675,380918.0,HOUSTON ST,Saturday
1676,147024.0,HOUSTON ST,Sunday
1677,447775.0,HOUSTON ST,Thursday
1678,361020.0,HOUSTON ST,Tuesday
1679,440901.0,HOUSTON ST,Wednesday
1680,48871.0,HOWARD BCH JFK,Friday
1681,34111.0,HOWARD BCH JFK,Monday
1682,45643.0,HOWARD BCH JFK,Saturday
1683,35201.0,HOWARD BCH JFK,Sunday
1684,48770.0,HOWARD BCH JFK,Thursday
1685,49002.0,HOWARD BCH JFK,Tuesday
1686,50755.0,HOWARD BCH JFK,Wednesday
1687,237247.0,HOYT ST,Friday
1688,112619.0,HOYT ST,Monday
1689,222205.0,HOYT ST,Saturday
1690,136682.0,HOYT ST,Sunday
1691,235030.0,HOYT ST,Thursday
1692,206316.0,HOYT ST,Tuesday
1693,236842.0,HOYT ST,Wednesday
1694,319140.0,HOYT-SCHER,Friday
1695,160001.0,HOYT-SCHER,Monday
1696,298807.0,HOYT-SCHER,Saturday
1697,204670.0,HOYT-SCHER,Sunday
1698,316291.0,HOYT-SCHER,Thursday
1699,275741.0,HOYT-SCHER,Tuesday
1700,313339.0,HOYT-SCHER,Wednesday
1701,235454.0,HUNTERS PT AV,Friday
1702,42357.0,HUNTERS PT AV,Monday
1703,207276.0,HUNTERS PT AV,Saturday
1704,58363.0,HUNTERS PT AV,Sunday
1705,237047.0,HUNTERS PT AV,Thursday
1706,204332.0,HUNTERS PT AV,Tuesday
1707,238896.0,HUNTERS PT AV,Wednesday
1708,315760.0,HUNTS POINT AV,Friday
1709,143242.0,HUNTS POINT AV,Monday
1710,294640.0,HUNTS POINT AV,Saturday
1711,183531.0,HUNTS POINT AV,Sunday
1712,315959.0,HUNTS POINT AV,Thursday
1713,276362.0,HUNTS POINT AV,Tuesday
1714,312001.0,HUNTS POINT AV,Wednesday
1715,111982.0,INTERVALE AV,Friday
1716,55676.0,INTERVALE AV,Monday
1717,102845.0,INTERVALE AV,Saturday
1718,68741.0,INTERVALE AV,Sunday
1719,111112.0,INTERVALE AV,Thursday
1720,97516.0,INTERVALE AV,Tuesday
1721,111176.0,INTERVALE AV,Wednesday
1722,217551.0,INWOOD-207 ST,Friday
1723,111470.0,INWOOD-207 ST,Monday
1724,192990.0,INWOOD-207 ST,Saturday
1725,134025.0,INWOOD-207 ST,Sunday
1726,217743.0,INWOOD-207 ST,Thursday
1727,188699.0,INWOOD-207 ST,Tuesday
1728,211865.0,INWOOD-207 ST,Wednesday
1729,112832.0,JACKSON AV,Friday
1730,56025.0,JACKSON AV,Monday
1731,105837.0,JACKSON AV,Saturday
1732,74153.0,JACKSON AV,Sunday
1733,113071.0,JACKSON AV,Thursday
1734,100435.0,JACKSON AV,Tuesday
1735,110607.0,JACKSON AV,Wednesday
1736,553415.0,JAMAICA 179 ST,Friday
1737,186675.0,JAMAICA 179 ST,Monday
1738,489969.0,JAMAICA 179 ST,Saturday
1739,248784.0,JAMAICA 179 ST,Sunday
1740,554459.0,JAMAICA 179 ST,Thursday
1741,472700.0,JAMAICA 179 ST,Tuesday
1742,550414.0,JAMAICA 179 ST,Wednesday
1743,1187268.0,JAMAICA CENTER,Friday
1744,467711.0,JAMAICA CENTER,Monday
1745,1075633.0,JAMAICA CENTER,Saturday
1746,615474.0,JAMAICA CENTER,Sunday
1747,1198545.0,JAMAICA CENTER,Thursday
1748,1035637.0,JAMAICA CENTER,Tuesday
1749,1193581.0,JAMAICA CENTER,Wednesday
1750,173082.0,JAMAICA VAN WK,Friday
1751,67433.0,JAMAICA VAN WK,Monday
1752,158570.0,JAMAICA VAN WK,Saturday
1753,88574.0,JAMAICA VAN WK,Sunday
1754,173140.0,JAMAICA VAN WK,Thursday
1755,149613.0,JAMAICA VAN WK,Tuesday
1756,173262.0,JAMAICA VAN WK,Wednesday
1757,1143685.0,JAY ST-METROTEC,Friday
1758,83324105.0,JAY ST-METROTEC,Monday
1759,982424.0,JAY ST-METROTEC,Saturday
1760,527663.0,JAY ST-METROTEC,Sunday
1761,1134477.0,JAY ST-METROTEC,Thursday
1762,956522.0,JAY ST-METROTEC,Tuesday
1763,1131745.0,JAY ST-METROTEC,Wednesday
1764,158473.0,JEFFERSON ST,Friday
1765,105936.0,JEFFERSON ST,Monday
1766,154264.0,JEFFERSON ST,Saturday
1767,134800.0,JEFFERSON ST,Sunday
1768,159869.0,JEFFERSON ST,Thursday
1769,142841.0,JEFFERSON ST,Tuesday
1770,154708.0,JEFFERSON ST,Wednesday
1771,1344558.0,JKSN HT-ROOSVLT,Friday
1772,845278.0,JKSN HT-ROOSVLT,Monday
1773,1274990.0,JKSN HT-ROOSVLT,Saturday
1774,1021499.0,JKSN HT-ROOSVLT,Sunday
1775,1337276.0,JKSN HT-ROOSVLT,Thursday
1776,1230215.0,JKSN HT-ROOSVLT,Tuesday
1777,1348912.0,JKSN HT-ROOSVLT,Wednesday
1778,605679.0,JOURNAL SQUARE,Friday
1779,248416.0,JOURNAL SQUARE,Monday
1780,554523.0,JOURNAL SQUARE,Saturday
1781,323454.0,JOURNAL SQUARE,Sunday
1782,598787.0,JOURNAL SQUARE,Thursday
1783,517121.0,JOURNAL SQUARE,Tuesday
1784,598981.0,JOURNAL SQUARE,Wednesday
1785,670354.0,JUNCTION BLVD,Friday
1786,418682.0,JUNCTION BLVD,Monday
1787,642561.0,JUNCTION BLVD,Saturday
1788,532982.0,JUNCTION BLVD,Sunday
1789,671181.0,JUNCTION BLVD,Thursday
1790,612501.0,JUNCTION BLVD,Tuesday
1791,670921.0,JUNCTION BLVD,Wednesday
1792,60594.0,JUNIUS ST,Friday
1793,24001.0,JUNIUS ST,Monday
1794,57798.0,JUNIUS ST,Saturday
1795,30376.0,JUNIUS ST,Sunday
1796,60304.0,JUNIUS ST,Thursday
1797,55359.0,JUNIUS ST,Tuesday
1798,60557.0,JUNIUS ST,Wednesday
1799,938002.0,KEW GARDENS,Friday
1800,331867.0,KEW GARDENS,Monday
1801,822170.0,KEW GARDENS,Saturday
1802,423063.0,KEW GARDENS,Sunday
1803,939895.0,KEW GARDENS,Thursday
1804,804425.0,KEW GARDENS,Tuesday
1805,939824.0,KEW GARDENS,Wednesday
1806,878310.0,KINGS HWY,Friday
1807,385521.0,KINGS HWY,Monday
1808,777709.0,KINGS HWY,Saturday
1809,425497.0,KINGS HWY,Sunday
1810,891288.0,KINGS HWY,Thursday
1811,759727.0,KINGS HWY,Tuesday
1812,886462.0,KINGS HWY,Wednesday
1813,480099.0,KINGSBRIDGE RD,Friday
1814,251796.0,KINGSBRIDGE RD,Monday
1815,432832.0,KINGSBRIDGE RD,Saturday
1816,309264.0,KINGSBRIDGE RD,Sunday
1817,480135.0,KINGSBRIDGE RD,Thursday
1818,424410.0,KINGSBRIDGE RD,Tuesday
1819,477289.0,KINGSBRIDGE RD,Wednesday
1820,152926.0,KINGSTON AV,Friday
1821,84495.0,KINGSTON AV,Monday
1822,139909.0,KINGSTON AV,Saturday
1823,79350.0,KINGSTON AV,Sunday
1824,151234.0,KINGSTON AV,Thursday
1825,138704.0,KINGSTON AV,Tuesday
1826,151498.0,KINGSTON AV,Wednesday
1827,190073.0,KINGSTON-THROOP,Friday
1828,113085.0,KINGSTON-THROOP,Monday
1829,178115.0,KINGSTON-THROOP,Saturday
1830,133727.0,KINGSTON-THROOP,Sunday
1831,188493.0,KINGSTON-THROOP,Thursday
1832,170157.0,KINGSTON-THROOP,Tuesday
1833,186832.0,KINGSTON-THROOP,Wednesday
1834,139570.0,KNICKERBOCKER,Friday
1835,56310.0,KNICKERBOCKER,Monday
1836,136103.0,KNICKERBOCKER,Saturday
1837,76376.0,KNICKERBOCKER,Sunday
1838,139292.0,KNICKERBOCKER,Thursday
1839,120432.0,KNICKERBOCKER,Tuesday
1840,138232.0,KNICKERBOCKER,Wednesday
1841,121413.0,KOSCIUSZKO ST,Friday
1842,79391.0,KOSCIUSZKO ST,Monday
1843,115285.0,KOSCIUSZKO ST,Saturday
1844,94528.0,KOSCIUSZKO ST,Sunday
1845,120409.0,KOSCIUSZKO ST,Thursday
1846,108968.0,KOSCIUSZKO ST,Tuesday
1847,119528.0,KOSCIUSZKO ST,Wednesday
1848,236768.0,LACKAWANNA,Friday
1849,30983.0,LACKAWANNA,Monday
1850,191040.0,LACKAWANNA,Saturday
1851,42335.0,LACKAWANNA,Sunday
1852,239085.0,LACKAWANNA,Thursday
1853,191640.0,LACKAWANNA,Tuesday
1854,238559.0,LACKAWANNA,Wednesday
1855,117317.0,LAFAYETTE AV,Friday
1856,81871.0,LAFAYETTE AV,Monday
1857,111841.0,LAFAYETTE AV,Saturday
1858,108476.0,LAFAYETTE AV,Sunday
1859,115191.0,LAFAYETTE AV,Thursday
1860,102946.0,LAFAYETTE AV,Tuesday
1861,113071.0,LAFAYETTE AV,Wednesday
1862,1559126.0,LEXINGTON AV/53,Friday
1863,234698.0,LEXINGTON AV/53,Monday
1864,1367085.0,LEXINGTON AV/53,Saturday
1865,310413.0,LEXINGTON AV/53,Sunday
1866,1559214.0,LEXINGTON AV/53,Thursday
1867,1253644.0,LEXINGTON AV/53,Tuesday
1868,1540928.0,LEXINGTON AV/53,Wednesday
1869,494459.0,LEXINGTON AV/63,Friday
1870,210775.0,LEXINGTON AV/63,Monday
1871,411917.0,LEXINGTON AV/63,Saturday
1872,271772.0,LEXINGTON AV/63,Sunday
1873,490263.0,LEXINGTON AV/63,Thursday
1874,400250.0,LEXINGTON AV/63,Tuesday
1875,478027.0,LEXINGTON AV/63,Wednesday
1876,75559.0,LIBERTY AV,Friday
1877,35863.0,LIBERTY AV,Monday
1878,68649.0,LIBERTY AV,Saturday
1879,43819.0,LIBERTY AV,Sunday
1880,75878.0,LIBERTY AV,Thursday
1881,66485.0,LIBERTY AV,Tuesday
1882,75809.0,LIBERTY AV,Wednesday
1883,94291.0,LIVONIA AV,Friday
1884,41564.0,LIVONIA AV,Monday
1885,92063.0,LIVONIA AV,Saturday
1886,53322.0,LIVONIA AV,Sunday
1887,135437.0,LIVONIA AV,Thursday
1888,86607.0,LIVONIA AV,Tuesday
1889,97562.0,LIVONIA AV,Wednesday
1890,111903.0,LONGWOOD AV,Friday
1891,51295.0,LONGWOOD AV,Monday
1892,105434.0,LONGWOOD AV,Saturday
1893,66314.0,LONGWOOD AV,Sunday
1894,112824.0,LONGWOOD AV,Thursday
1895,96516.0,LONGWOOD AV,Tuesday
1896,111221.0,LONGWOOD AV,Wednesday
1897,263616.0,LORIMER ST,Friday
1898,147347.0,LORIMER ST,Monday
1899,245608.0,LORIMER ST,Saturday
1900,176408.0,LORIMER ST,Sunday
1901,259920.0,LORIMER ST,Thursday
1902,226937.0,LORIMER ST,Tuesday
1903,258668.0,LORIMER ST,Wednesday
1904,71453.0,MARBLE HILL-225,Friday
1905,39041.0,MARBLE HILL-225,Monday
1906,66653.0,MARBLE HILL-225,Saturday
1907,41948.0,MARBLE HILL-225,Sunday
1908,70803.0,MARBLE HILL-225,Thursday
1909,65707.0,MARBLE HILL-225,Tuesday
1910,72519.0,MARBLE HILL-225,Wednesday
1911,422562.0,MARCY AV,Friday
1912,212478.0,MARCY AV,Monday
1913,394390.0,MARCY AV,Saturday
1914,248745.0,MARCY AV,Sunday
1915,419192.0,MARCY AV,Thursday
1916,361399.0,MARCY AV,Tuesday
1917,406543.0,MARCY AV,Wednesday
1918,367124.0,METROPOLITAN AV,Friday
1919,232407.0,METROPOLITAN AV,Monday
1920,354255.0,METROPOLITAN AV,Saturday
1921,289487.0,METROPOLITAN AV,Sunday
1922,364029.0,METROPOLITAN AV,Thursday
1923,321453.0,METROPOLITAN AV,Tuesday
1924,357629.0,METROPOLITAN AV,Wednesday
1925,296116.0,METS-WILLETS PT,Friday
1926,285817.0,METS-WILLETS PT,Monday
1927,317246.0,METS-WILLETS PT,Saturday
1928,322237.0,METS-WILLETS PT,Sunday
1929,330502.0,METS-WILLETS PT,Thursday
1930,255755.0,METS-WILLETS PT,Tuesday
1931,372745.0,METS-WILLETS PT,Wednesday
1932,69164.0,MIDDLETOWN RD,Friday
1933,21328.0,MIDDLETOWN RD,Monday
1934,62603.0,MIDDLETOWN RD,Saturday
1935,28932.0,MIDDLETOWN RD,Sunday
1936,70021.0,MIDDLETOWN RD,Thursday
1937,58970.0,MIDDLETOWN RD,Tuesday
1938,70184.0,MIDDLETOWN RD,Wednesday
1939,183758.0,MONTROSE AV,Friday
1940,131832.0,MONTROSE AV,Monday
1941,166446.0,MONTROSE AV,Saturday
1942,164918.0,MONTROSE AV,Sunday
1943,183843.0,MONTROSE AV,Thursday
1944,163524.0,MONTROSE AV,Tuesday
1945,179209.0,MONTROSE AV,Wednesday
1946,183645.0,MORGAN AV,Friday
1947,139393.0,MORGAN AV,Monday
1948,181174.0,MORGAN AV,Saturday
1949,167239.0,MORGAN AV,Sunday
1950,181418.0,MORGAN AV,Thursday
1951,160746.0,MORGAN AV,Tuesday
1952,176286.0,MORGAN AV,Wednesday
1953,207584.0,MORISN AV/SNDVW,Friday
1954,113940.0,MORISN AV/SNDVW,Monday
1955,189972.0,MORISN AV/SNDVW,Saturday
1956,144130.0,MORISN AV/SNDVW,Sunday
1957,203137.0,MORISN AV/SNDVW,Thursday
1958,185734.0,MORISN AV/SNDVW,Tuesday
1959,603143.0,MORISN AV/SNDVW,Wednesday
1960,84619.0,MORRIS PARK,Friday
1961,19126.0,MORRIS PARK,Monday
1962,74766.0,MORRIS PARK,Saturday
1963,24440.0,MORRIS PARK,Sunday
1964,84747.0,MORRIS PARK,Thursday
1965,69467.0,MORRIS PARK,Tuesday
1966,84565.0,MORRIS PARK,Wednesday
1967,200543.0,MOSHOLU PKWY,Friday
1968,96519.0,MOSHOLU PKWY,Monday
1969,181011.0,MOSHOLU PKWY,Saturday
1970,119458.0,MOSHOLU PKWY,Sunday
1971,200877.0,MOSHOLU PKWY,Thursday
1972,176885.0,MOSHOLU PKWY,Tuesday
1973,201061.0,MOSHOLU PKWY,Wednesday
1974,167817.0,MT EDEN AV,Friday
1975,90253.0,MT EDEN AV,Monday
1976,155632.0,MT EDEN AV,Saturday
1977,113121.0,MT EDEN AV,Sunday
1978,168122.0,MT EDEN AV,Thursday
1979,150145.0,MT EDEN AV,Tuesday
1980,167746.0,MT EDEN AV,Wednesday
1981,330589.0,MYRTLE AV,Friday
1982,197314.0,MYRTLE AV,Monday
1983,313390.0,MYRTLE AV,Saturday
1984,230528.0,MYRTLE AV,Sunday
1985,331033.0,MYRTLE AV,Thursday
1986,291448.0,MYRTLE AV,Tuesday
1987,322768.0,MYRTLE AV,Wednesday
1988,148173.0,MYRTLE-WILLOUGH,Friday
1989,82180.0,MYRTLE-WILLOUGH,Monday
1990,137420.0,MYRTLE-WILLOUGH,Saturday
1991,96697.0,MYRTLE-WILLOUGH,Sunday
1992,147334.0,MYRTLE-WILLOUGH,Thursday
1993,130826.0,MYRTLE-WILLOUGH,Tuesday
1994,144513.0,MYRTLE-WILLOUGH,Wednesday
1995,541494.0,MYRTLE-WYCKOFF,Friday
1996,355531.0,MYRTLE-WYCKOFF,Monday
1997,513267.0,MYRTLE-WYCKOFF,Saturday
1998,431837.0,MYRTLE-WYCKOFF,Sunday
1999,542783.0,MYRTLE-WYCKOFF,Thursday
2000,491248.0,MYRTLE-WYCKOFF,Tuesday
2001,535863.0,MYRTLE-WYCKOFF,Wednesday
2002,231322.0,NASSAU ST,Friday
2003,106382.0,NASSAU ST,Monday
2004,213286.0,NASSAU ST,Saturday
2005,138984.0,NASSAU ST,Sunday
2006,231218.0,NASSAU ST,Thursday
2007,195769.0,NASSAU ST,Tuesday
2008,225436.0,NASSAU ST,Wednesday
2009,73423.0,NECK RD,Friday
2010,34404.0,NECK RD,Monday
2011,65110.0,NECK RD,Saturday
2012,40876.0,NECK RD,Sunday
2013,71066.0,NECK RD,Thursday
2014,62816.0,NECK RD,Tuesday
2015,73547.0,NECK RD,Wednesday
2016,41168.0,NEPTUNE AV,Friday
2017,17673.0,NEPTUNE AV,Monday
2018,35651.0,NEPTUNE AV,Saturday
2019,20800.0,NEPTUNE AV,Sunday
2020,40773.0,NEPTUNE AV,Thursday
2021,35356.0,NEPTUNE AV,Tuesday
2022,40456.0,NEPTUNE AV,Wednesday
2023,83983.0,NEREID AV,Friday
2024,32138.0,NEREID AV,Monday
2025,76930.0,NEREID AV,Saturday
2026,44393.0,NEREID AV,Sunday
2027,84847.0,NEREID AV,Thursday
2028,75151.0,NEREID AV,Tuesday
2029,86101.0,NEREID AV,Wednesday
2030,354843.0,NEVINS ST,Friday
2031,119758.0,NEVINS ST,Monday
2032,328478.0,NEVINS ST,Saturday
2033,173155.0,NEVINS ST,Sunday
2034,354751.0,NEVINS ST,Thursday
2035,301487.0,NEVINS ST,Tuesday
2036,347093.0,NEVINS ST,Wednesday
2037,177372.0,NEW LOTS,Friday
2038,76557.0,NEW LOTS,Monday
2039,165771.0,NEW LOTS,Saturday
2040,92473.0,NEW LOTS,Sunday
2041,178613.0,NEW LOTS,Thursday
2042,156708.0,NEW LOTS,Tuesday
2043,176864.0,NEW LOTS,Wednesday
2044,209412.0,NEW LOTS AV,Friday
2045,80085.0,NEW LOTS AV,Monday
2046,193841.0,NEW LOTS AV,Saturday
2047,96772.0,NEW LOTS AV,Sunday
2048,209761.0,NEW LOTS AV,Thursday
2049,190486.0,NEW LOTS AV,Tuesday
2050,206023.0,NEW LOTS AV,Wednesday
2051,259318.0,NEW UTRECHT AV,Friday
2052,96965.0,NEW UTRECHT AV,Monday
2053,145266.0,NEW UTRECHT AV,Saturday
2054,114850.0,NEW UTRECHT AV,Sunday
2055,158332.0,NEW UTRECHT AV,Thursday
2056,145142.0,NEW UTRECHT AV,Tuesday
2057,159584.0,NEW UTRECHT AV,Wednesday
2058,197850.0,NEWARK BM BW,Friday
2059,55777.0,NEWARK BM BW,Monday
2060,164411.0,NEWARK BM BW,Saturday
2061,56535.0,NEWARK BM BW,Sunday
2062,193580.0,NEWARK BM BW,Thursday
2063,168882.0,NEWARK BM BW,Tuesday
2064,191566.0,NEWARK BM BW,Wednesday
2065,91127.0,NEWARK C,Friday
2066,14307.0,NEWARK C,Monday
2067,70945.0,NEWARK C,Saturday
2068,15408.0,NEWARK C,Sunday
2069,91574.0,NEWARK C,Thursday
2070,78149.0,NEWARK C,Tuesday
2071,93142.0,NEWARK C,Wednesday
2072,249362.0,NEWARK HM HE,Friday
2073,115937.0,NEWARK HM HE,Monday
2074,220828.0,NEWARK HM HE,Saturday
2075,170212.0,NEWARK HM HE,Sunday
2076,262059.0,NEWARK HM HE,Thursday
2077,213261.0,NEWARK HM HE,Tuesday
2078,257277.0,NEWARK HM HE,Wednesday
2079,173962.0,NEWARK HW BMEBE,Friday
2080,27709.0,NEWARK HW BMEBE,Monday
2081,139818.0,NEWARK HW BMEBE,Saturday
2082,33075.0,NEWARK HW BMEBE,Sunday
2083,172907.0,NEWARK HW BMEBE,Thursday
2084,141593.0,NEWARK HW BMEBE,Tuesday
2085,168970.0,NEWARK HW BMEBE,Wednesday
2086,218248.0,NEWKIRK AV,Friday
2087,93843.0,NEWKIRK AV,Monday
2088,199629.0,NEWKIRK AV,Saturday
2089,119471.0,NEWKIRK AV,Sunday
2090,216366.0,NEWKIRK AV,Thursday
2091,194639.0,NEWKIRK AV,Tuesday
2092,215496.0,NEWKIRK AV,Wednesday
2093,353235.0,NEWKIRK PLAZA,Friday
2094,155499.0,NEWKIRK PLAZA,Monday
2095,302958.0,NEWKIRK PLAZA,Saturday
2096,219037.0,NEWKIRK PLAZA,Sunday
2097,356089.0,NEWKIRK PLAZA,Thursday
2098,301704.0,NEWKIRK PLAZA,Tuesday
2099,351968.0,NEWKIRK PLAZA,Wednesday
2100,230091.0,NORTHERN BLVD,Friday
2101,94453.0,NORTHERN BLVD,Monday
2102,212254.0,NORTHERN BLVD,Saturday
2103,117970.0,NORTHERN BLVD,Sunday
2104,229164.0,NORTHERN BLVD,Thursday
2105,199471.0,NORTHERN BLVD,Tuesday
2106,228018.0,NORTHERN BLVD,Wednesday
2107,257835.0,NORWOOD 205 ST,Friday
2108,143344.0,NORWOOD 205 ST,Monday
2109,236475.0,NORWOOD 205 ST,Saturday
2110,172216.0,NORWOOD 205 ST,Sunday
2111,260210.0,NORWOOD 205 ST,Thursday
2112,230405.0,NORWOOD 205 ST,Tuesday
2113,535069056.0,NORWOOD 205 ST,Wednesday
2114,104019.0,NORWOOD AV,Friday
2115,63837.0,NORWOOD AV,Monday
2116,156475.0,NORWOOD AV,Saturday
2117,78468.0,NORWOOD AV,Sunday
2118,113176.0,NORWOOD AV,Thursday
2119,103797.0,NORWOOD AV,Tuesday
2120,113217.0,NORWOOD AV,Wednesday
2121,661505.0,NOSTRAND AV,Friday
2122,389567.0,NOSTRAND AV,Monday
2123,621649.0,NOSTRAND AV,Saturday
2124,480822.0,NOSTRAND AV,Sunday
2125,657378.0,NOSTRAND AV,Thursday
2126,594703.0,NOSTRAND AV,Tuesday
2127,649635.0,NOSTRAND AV,Wednesday
2128,67596.0,OCEAN PKWY,Friday
2129,43193.0,OCEAN PKWY,Monday
2130,60890.0,OCEAN PKWY,Saturday
2131,48754.0,OCEAN PKWY,Sunday
2132,68763.0,OCEAN PKWY,Thursday
2133,61063.0,OCEAN PKWY,Tuesday
2134,68401.0,OCEAN PKWY,Wednesday
2135,156.0,ORCHARD BEACH,Friday
2136,10823.0,ORCHARD BEACH,Monday
2137,234.0,ORCHARD BEACH,Saturday
2138,5629.0,ORCHARD BEACH,Sunday
2139,200.0,ORCHARD BEACH,Thursday
2140,2364.0,ORCHARD BEACH,Tuesday
2141,176.0,ORCHARD BEACH,Wednesday
2142,259987.0,OZONE PK LEFFRT,Friday
2143,85579.0,OZONE PK LEFFRT,Monday
2144,237728.0,OZONE PK LEFFRT,Saturday
2145,112560.0,OZONE PK LEFFRT,Sunday
2146,260930.0,OZONE PK LEFFRT,Thursday
2147,225767.0,OZONE PK LEFFRT,Tuesday
2148,259206.0,OZONE PK LEFFRT,Wednesday
2149,188570.0,PARK PLACE,Friday
2150,67293.0,PARK PLACE,Monday
2151,162224.0,PARK PLACE,Saturday
2152,83953.0,PARK PLACE,Sunday
2153,191101.0,PARK PLACE,Thursday
2154,162777.0,PARK PLACE,Tuesday
2155,188472.0,PARK PLACE,Wednesday
2156,438382.0,PARKCHESTER,Friday
2157,211707.0,PARKCHESTER,Monday
2158,405155.0,PARKCHESTER,Saturday
2159,266894.0,PARKCHESTER,Sunday
2160,436056.0,PARKCHESTER,Thursday
2161,376891.0,PARKCHESTER,Tuesday
2162,430012.0,PARKCHESTER,Wednesday
2163,165025.0,PARKSIDE AV,Friday
2164,107150.0,PARKSIDE AV,Monday
2165,157817.0,PARKSIDE AV,Saturday
2166,125296.0,PARKSIDE AV,Sunday
2167,166627.0,PARKSIDE AV,Thursday
2168,148718.0,PARKSIDE AV,Tuesday
2169,165880.0,PARKSIDE AV,Wednesday
2170,213097.0,PARSONS BLVD,Friday
2171,96559.0,PARSONS BLVD,Monday
2172,190457.0,PARSONS BLVD,Saturday
2173,120922.0,PARSONS BLVD,Sunday
2174,211284.0,PARSONS BLVD,Thursday
2175,203253.0,PARSONS BLVD,Tuesday
2176,209302.0,PARSONS BLVD,Wednesday
2177,595.0,PATH NEW WTC,Friday
2178,0.0,PATH NEW WTC,Monday
2179,1.0,PATH NEW WTC,Saturday
2180,4.0,PATH NEW WTC,Sunday
2181,86.0,PATH NEW WTC,Thursday
2182,2.0,PATH NEW WTC,Tuesday
2183,1.0,PATH NEW WTC,Wednesday
2184,230891.0,PATH WTC,Friday
2185,58982.0,PATH WTC,Monday
2186,214020.0,PATH WTC,Saturday
2187,94459.0,PATH WTC,Sunday
2188,235001.0,PATH WTC,Thursday
2189,190944.0,PATH WTC,Tuesday
2190,237679.0,PATH WTC,Wednesday
2191,45859.0,PATH WTC 2,Friday
2192,14575.0,PATH WTC 2,Monday
2193,42377.0,PATH WTC 2,Saturday
2194,21428.0,PATH WTC 2,Sunday
2195,41165.0,PATH WTC 2,Thursday
2196,32137.0,PATH WTC 2,Tuesday
2197,47654.0,PATH WTC 2,Wednesday
2198,543467.0,PAVONIA/NEWPORT,Friday
2199,204828.0,PAVONIA/NEWPORT,Monday
2200,510277.0,PAVONIA/NEWPORT,Saturday
2201,257822.0,PAVONIA/NEWPORT,Sunday
2202,543926.0,PAVONIA/NEWPORT,Thursday
2203,467871.0,PAVONIA/NEWPORT,Tuesday
2204,538942.0,PAVONIA/NEWPORT,Wednesday
2205,168929.0,PELHAM BAY PARK,Friday
2206,98153.0,PELHAM BAY PARK,Monday
2207,156488.0,PELHAM BAY PARK,Saturday
2208,116700.0,PELHAM BAY PARK,Sunday
2209,170075.0,PELHAM BAY PARK,Thursday
2210,155347.0,PELHAM BAY PARK,Tuesday
2211,167825.0,PELHAM BAY PARK,Wednesday
2212,313698.0,PELHAM PKWY,Friday
2213,124678.0,PELHAM PKWY,Monday
2214,289410.0,PELHAM PKWY,Saturday
2215,156339.0,PELHAM PKWY,Sunday
2216,323690.0,PELHAM PKWY,Thursday
2217,276679.0,PELHAM PKWY,Tuesday
2218,319266.0,PELHAM PKWY,Wednesday
2219,5161.0,PENNSYLVANIA AV,Friday
2220,38.0,PENNSYLVANIA AV,Monday
2221,70.0,PENNSYLVANIA AV,Saturday
2222,79.0,PENNSYLVANIA AV,Sunday
2223,4947.0,PENNSYLVANIA AV,Thursday
2224,3508.0,PENNSYLVANIA AV,Tuesday
2225,4571.0,PENNSYLVANIA AV,Wednesday
2226,139837.0,PRESIDENT ST,Friday
2227,54929.0,PRESIDENT ST,Monday
2228,120565.0,PRESIDENT ST,Saturday
2229,67276.0,PRESIDENT ST,Sunday
2230,139668.0,PRESIDENT ST,Thursday
2231,127395.0,PRESIDENT ST,Tuesday
2232,137217.0,PRESIDENT ST,Wednesday
2233,550531.0,PRINCE ST,Friday
2234,369316.0,PRINCE ST,Monday
2235,526714.0,PRINCE ST,Saturday
2236,474980.0,PRINCE ST,Sunday
2237,538176.0,PRINCE ST,Thursday
2238,466046.0,PRINCE ST,Tuesday
2239,523369.0,PRINCE ST,Wednesday
2240,347929.0,PROSPECT AV,Friday
2241,159693.0,PROSPECT AV,Monday
2242,319671.0,PROSPECT AV,Saturday
2243,205510.0,PROSPECT AV,Sunday
2244,346506.0,PROSPECT AV,Thursday
2245,303150.0,PROSPECT AV,Tuesday
2246,345634.0,PROSPECT AV,Wednesday
2247,330709.0,PROSPECT PARK,Friday
2248,244919.0,PROSPECT PARK,Monday
2249,306716.0,PROSPECT PARK,Saturday
2250,237047.0,PROSPECT PARK,Sunday
2251,337356.0,PROSPECT PARK,Thursday
2252,293599.0,PROSPECT PARK,Tuesday
2253,332535.0,PROSPECT PARK,Wednesday
2254,351363.0,QUEENS PLAZA,Friday
2255,102538.0,QUEENS PLAZA,Monday
2256,289460.0,QUEENS PLAZA,Saturday
2257,144574.0,QUEENS PLAZA,Sunday
2258,348396.0,QUEENS PLAZA,Thursday
2259,293388.0,QUEENS PLAZA,Tuesday
2260,345327.0,QUEENS PLAZA,Wednesday
2261,299712.0,QUEENSBORO PLZ,Friday
2262,142711.0,QUEENSBORO PLZ,Monday
2263,275987.0,QUEENSBORO PLZ,Saturday
2264,183596.0,QUEENSBORO PLZ,Sunday
2265,300375.0,QUEENSBORO PLZ,Thursday
2266,258757.0,QUEENSBORO PLZ,Tuesday
2267,291886.0,QUEENSBORO PLZ,Wednesday
2268,138439.0,RALPH AV,Friday
2269,82752.0,RALPH AV,Monday
2270,132445.0,RALPH AV,Saturday
2271,99851.0,RALPH AV,Sunday
2272,138600.0,RALPH AV,Thursday
2273,127075.0,RALPH AV,Tuesday
2274,134660.0,RALPH AV,Wednesday
2275,470343.0,RECTOR ST,Friday
2276,169599.0,RECTOR ST,Monday
2277,414870.0,RECTOR ST,Saturday
2278,214910.0,RECTOR ST,Sunday
2279,465972.0,RECTOR ST,Thursday
2280,387113.0,RECTOR ST,Tuesday
2281,461148.0,RECTOR ST,Wednesday
2282,73297.0,RIT-MANHATTAN,Friday
2283,72001.0,RIT-MANHATTAN,Monday
2284,71387.0,RIT-MANHATTAN,Saturday
2285,75934.0,RIT-MANHATTAN,Sunday
2286,72787.0,RIT-MANHATTAN,Thursday
2287,71705.0,RIT-MANHATTAN,Tuesday
2288,73488.0,RIT-MANHATTAN,Wednesday
2289,70841.0,RIT-ROOSEVELT,Friday
2290,71597.0,RIT-ROOSEVELT,Monday
2291,69672.0,RIT-ROOSEVELT,Saturday
2292,76060.0,RIT-ROOSEVELT,Sunday
2293,71078.0,RIT-ROOSEVELT,Thursday
2294,71626.0,RIT-ROOSEVELT,Tuesday
2295,70832.0,RIT-ROOSEVELT,Wednesday
2296,321683.0,ROCKAWAY AV,Friday
2297,404056.0,ROCKAWAY AV,Monday
2298,303147.0,ROCKAWAY AV,Saturday
2299,175236.0,ROCKAWAY AV,Sunday
2300,323250.0,ROCKAWAY AV,Thursday
2301,288060.0,ROCKAWAY AV,Tuesday
2302,318962.0,ROCKAWAY AV,Wednesday
2303,153577.0,ROCKAWAY BLVD,Friday
2304,80600.0,ROCKAWAY BLVD,Monday
2305,140887.0,ROCKAWAY BLVD,Saturday
2306,102979.0,ROCKAWAY BLVD,Sunday
2307,155277.0,ROCKAWAY BLVD,Thursday
2308,135591.0,ROCKAWAY BLVD,Tuesday
2309,152778.0,ROCKAWAY BLVD,Wednesday
2310,31712.0,ROCKAWAY PARK B,Friday
2311,38044.0,ROCKAWAY PARK B,Monday
2312,32423.0,ROCKAWAY PARK B,Saturday
2313,40504.0,ROCKAWAY PARK B,Sunday
2314,34762.0,ROCKAWAY PARK B,Thursday
2315,33822.0,ROCKAWAY PARK B,Tuesday
2316,32289.0,ROCKAWAY PARK B,Wednesday
2317,218777.0,ROOSEVELT ISLND,Friday
2318,129231.0,ROOSEVELT ISLND,Monday
2319,200983.0,ROOSEVELT ISLND,Saturday
2320,144521.0,ROOSEVELT ISLND,Sunday
2321,221435.0,ROOSEVELT ISLND,Thursday
2322,195321.0,ROOSEVELT ISLND,Tuesday
2323,216065.0,ROOSEVELT ISLND,Wednesday
2324,8883.0,SARATOGA AV,Friday
2325,48.0,SARATOGA AV,Monday
2326,80.0,SARATOGA AV,Saturday
2327,68.0,SARATOGA AV,Sunday
2328,8575.0,SARATOGA AV,Thursday
2329,6297.0,SARATOGA AV,Tuesday
2330,7962.0,SARATOGA AV,Wednesday
2331,95488.0,SENECA AVE,Friday
2332,37220.0,SENECA AVE,Monday
2333,87672.0,SENECA AVE,Saturday
2334,48589.0,SENECA AVE,Sunday
2335,94864.0,SENECA AVE,Thursday
2336,82174.0,SENECA AVE,Tuesday
2337,93726.0,SENECA AVE,Wednesday
2338,432500.0,SHEEPSHEAD BAY,Friday
2339,173878.0,SHEEPSHEAD BAY,Monday
2340,388061.0,SHEEPSHEAD BAY,Saturday
2341,211648.0,SHEEPSHEAD BAY,Sunday
2342,439835.0,SHEEPSHEAD BAY,Thursday
2343,377171.0,SHEEPSHEAD BAY,Tuesday
2344,436952.0,SHEEPSHEAD BAY,Wednesday
2345,83643.0,SHEPHERD AV,Friday
2346,44869.0,SHEPHERD AV,Monday
2347,77748.0,SHEPHERD AV,Saturday
2348,54310.0,SHEPHERD AV,Sunday
2349,83480.0,SHEPHERD AV,Thursday
2350,74553.0,SHEPHERD AV,Tuesday
2351,83132.0,SHEPHERD AV,Wednesday
2352,203959.0,SIMPSON ST,Friday
2353,101759.0,SIMPSON ST,Monday
2354,117635358.0,SIMPSON ST,Saturday
2355,138892.0,SIMPSON ST,Sunday
2356,201973.0,SIMPSON ST,Thursday
2357,180782.0,SIMPSON ST,Tuesday
2358,199027.0,SIMPSON ST,Wednesday
2359,144258.0,SMITH-9 ST,Friday
2360,66159.0,SMITH-9 ST,Monday
2361,132988.0,SMITH-9 ST,Saturday
2362,89472.0,SMITH-9 ST,Sunday
2363,143979.0,SMITH-9 ST,Thursday
2364,126602.0,SMITH-9 ST,Tuesday
2365,144749.0,SMITH-9 ST,Wednesday
2366,539288.0,SOUTH FERRY,Friday
2367,197837.0,SOUTH FERRY,Monday
2368,483979.0,SOUTH FERRY,Saturday
2369,254671.0,SOUTH FERRY,Sunday
2370,536615.0,SOUTH FERRY,Thursday
2371,473635.0,SOUTH FERRY,Tuesday
2372,530857.0,SOUTH FERRY,Wednesday
2373,632683.0,SPRING ST,Friday
2374,298673.0,SPRING ST,Monday
2375,591797.0,SPRING ST,Saturday
2376,394156.0,SPRING ST,Sunday
2377,621510.0,SPRING ST,Thursday
2378,514112.0,SPRING ST,Tuesday
2379,592385.0,SPRING ST,Wednesday
2380,118554.0,ST LAWRENCE AV,Friday
2381,78424.0,ST LAWRENCE AV,Monday
2382,162842.0,ST LAWRENCE AV,Saturday
2383,94100.0,ST LAWRENCE AV,Sunday
2384,125730.0,ST LAWRENCE AV,Thursday
2385,112030.0,ST LAWRENCE AV,Tuesday
2386,124464.0,ST LAWRENCE AV,Wednesday
2387,247974.0,ST. GEORGE,Friday
2388,59453.0,ST. GEORGE,Monday
2389,213817.0,ST. GEORGE,Saturday
2390,82832.0,ST. GEORGE,Sunday
2391,238304.0,ST. GEORGE,Thursday
2392,196779.0,ST. GEORGE,Tuesday
2393,273835.0,ST. GEORGE,Wednesday
2394,427641.0,STEINWAY ST,Friday
2395,218053.0,STEINWAY ST,Monday
2396,417309.0,STEINWAY ST,Saturday
2397,277782.0,STEINWAY ST,Sunday
2398,430310.0,STEINWAY ST,Thursday
2399,374980.0,STEINWAY ST,Tuesday
2400,422758.0,STEINWAY ST,Wednesday
2401,96781.0,STERLING ST,Friday
2402,46400.0,STERLING ST,Monday
2403,89231.0,STERLING ST,Saturday
2404,57437.0,STERLING ST,Sunday
2405,96555.0,STERLING ST,Thursday
2406,88649.0,STERLING ST,Tuesday
2407,95884.0,STERLING ST,Wednesday
2408,126778.0,SUTPHIN BLVD,Friday
2409,55296.0,SUTPHIN BLVD,Monday
2410,114706.0,SUTPHIN BLVD,Saturday
2411,67650.0,SUTPHIN BLVD,Sunday
2412,125231.0,SUTPHIN BLVD,Thursday
2413,114409.0,SUTPHIN BLVD,Tuesday
2414,126229.0,SUTPHIN BLVD,Wednesday
2415,712730.0,SUTPHIN-ARCHER,Friday
2416,379498.0,SUTPHIN-ARCHER,Monday
2417,677126.0,SUTPHIN-ARCHER,Saturday
2418,451555.0,SUTPHIN-ARCHER,Sunday
2419,697581.0,SUTPHIN-ARCHER,Thursday
2420,642230.0,SUTPHIN-ARCHER,Tuesday
2421,703459.0,SUTPHIN-ARCHER,Wednesday
2422,123477.0,SUTTER AV,Friday
2423,61523.0,SUTTER AV,Monday
2424,117933.0,SUTTER AV,Saturday
2425,75288.0,SUTTER AV,Sunday
2426,123946.0,SUTTER AV,Thursday
2427,112243.0,SUTTER AV,Tuesday
2428,122938.0,SUTTER AV,Wednesday
2429,241713.0,SUTTER AV-RUTLD,Friday
2430,89318.0,SUTTER AV-RUTLD,Monday
2431,228753.0,SUTTER AV-RUTLD,Saturday
2432,110946.0,SUTTER AV-RUTLD,Sunday
2433,242080.0,SUTTER AV-RUTLD,Thursday
2434,216179.0,SUTTER AV-RUTLD,Tuesday
2435,239207.0,SUTTER AV-RUTLD,Wednesday
2436,309327.0,THIRTY ST,Friday
2437,66204.0,THIRTY ST,Monday
2438,285425.0,THIRTY ST,Saturday
2439,71714.0,THIRTY ST,Sunday
2440,312900.0,THIRTY ST,Thursday
2441,254260.0,THIRTY ST,Tuesday
2442,303991.0,THIRTY ST,Wednesday
2443,671849.0,THIRTY THIRD ST,Friday
2444,190684.0,THIRTY THIRD ST,Monday
2445,593763.0,THIRTY THIRD ST,Saturday
2446,247956.0,THIRTY THIRD ST,Sunday
2447,682403.0,THIRTY THIRD ST,Thursday
2448,597597.0,THIRTY THIRD ST,Tuesday
2449,675329.0,THIRTY THIRD ST,Wednesday
2450,3245595.0,TIMES SQ-42 ST,Friday
2451,1719005.0,TIMES SQ-42 ST,Monday
2452,2951458.0,TIMES SQ-42 ST,Saturday
2453,2116612.0,TIMES SQ-42 ST,Sunday
2454,3249668.0,TIMES SQ-42 ST,Thursday
2455,2730765.0,TIMES SQ-42 ST,Tuesday
2456,3151759.0,TIMES SQ-42 ST,Wednesday
2457,13200.0,TOMPKINSVILLE,Friday
2458,6206.0,TOMPKINSVILLE,Monday
2459,12633.0,TOMPKINSVILLE,Saturday
2460,9561.0,TOMPKINSVILLE,Sunday
2461,13335.0,TOMPKINSVILLE,Thursday
2462,11213.0,TOMPKINSVILLE,Tuesday
2463,13308.0,TOMPKINSVILLE,Wednesday
2464,238971.0,TREMONT AV,Friday
2465,125313.0,TREMONT AV,Monday
2466,223739.0,TREMONT AV,Saturday
2467,154553.0,TREMONT AV,Sunday
2468,241367.0,TREMONT AV,Thursday
2469,209454.0,TREMONT AV,Tuesday
2470,235774.0,TREMONT AV,Wednesday
2471,275785.0,TWENTY THIRD ST,Friday
2472,44822.0,TWENTY THIRD ST,Monday
2473,231098.0,TWENTY THIRD ST,Saturday
2474,56376.0,TWENTY THIRD ST,Sunday
2475,276596.0,TWENTY THIRD ST,Thursday
2476,217218.0,TWENTY THIRD ST,Tuesday
2477,271455.0,TWENTY THIRD ST,Wednesday
2478,198188.0,UNION ST,Friday
2479,95812.0,UNION ST,Monday
2480,177973.0,UNION ST,Saturday
2481,119053.0,UNION ST,Sunday
2482,195735.0,UNION ST,Thursday
2483,166510.0,UNION ST,Tuesday
2484,194688.0,UNION ST,Wednesday
2485,440683.0,UTICA AV,Friday
2486,259008.0,UTICA AV,Monday
2487,412505.0,UTICA AV,Saturday
2488,319167.0,UTICA AV,Sunday
2489,438544.0,UTICA AV,Thursday
2490,392553.0,UTICA AV,Tuesday
2491,433486.0,UTICA AV,Wednesday
2492,184994.0,V.CORTLANDT PK,Friday
2493,92662.0,V.CORTLANDT PK,Monday
2494,170372.0,V.CORTLANDT PK,Saturday
2495,114217.0,V.CORTLANDT PK,Sunday
2496,181411.0,V.CORTLANDT PK,Thursday
2497,161626.0,V.CORTLANDT PK,Tuesday
2498,190790.0,V.CORTLANDT PK,Wednesday
2499,218719.0,VAN SICLEN AV,Friday
2500,100793.0,VAN SICLEN AV,Monday
2501,210481.0,VAN SICLEN AV,Saturday
2502,125712.0,VAN SICLEN AV,Sunday
2503,221589.0,VAN SICLEN AV,Thursday
2504,198167.0,VAN SICLEN AV,Tuesday
2505,219997.0,VAN SICLEN AV,Wednesday
2506,77490.0,VAN SICLEN AVE,Friday
2507,44280.0,VAN SICLEN AVE,Monday
2508,73950.0,VAN SICLEN AVE,Saturday
2509,54603.0,VAN SICLEN AVE,Sunday
2510,78805.0,VAN SICLEN AVE,Thursday
2511,71034.0,VAN SICLEN AVE,Tuesday
2512,77780.0,VAN SICLEN AVE,Wednesday
2513,478177.0,VERNON-JACKSON,Friday
2514,246325.0,VERNON-JACKSON,Monday
2515,440748.0,VERNON-JACKSON,Saturday
2516,295658.0,VERNON-JACKSON,Sunday
2517,481585.0,VERNON-JACKSON,Thursday
2518,427657.0,VERNON-JACKSON,Tuesday
2519,471025.0,VERNON-JACKSON,Wednesday
2520,1150202.0,W 4 ST-WASH SQ,Friday
2521,655527.0,W 4 ST-WASH SQ,Monday
2522,1091763.0,W 4 ST-WASH SQ,Saturday
2523,793411.0,W 4 ST-WASH SQ,Sunday
2524,1149589.0,W 4 ST-WASH SQ,Thursday
2525,943517.0,W 4 ST-WASH SQ,Tuesday
2526,1103376.0,W 4 ST-WASH SQ,Wednesday
2527,89302.0,W 8 ST-AQUARIUM,Friday
2528,89802.0,W 8 ST-AQUARIUM,Monday
2529,103553.0,W 8 ST-AQUARIUM,Saturday
2530,99351.0,W 8 ST-AQUARIUM,Sunday
2531,93091.0,W 8 ST-AQUARIUM,Thursday
2532,96650.0,W 8 ST-AQUARIUM,Tuesday
2533,89300.0,W 8 ST-AQUARIUM,Wednesday
2534,186487.0,WAKEFIELD/241,Friday
2535,104173.0,WAKEFIELD/241,Monday
2536,173595.0,WAKEFIELD/241,Saturday
2537,132071.0,WAKEFIELD/241,Sunday
2538,181895.0,WAKEFIELD/241,Thursday
2539,169418.0,WAKEFIELD/241,Tuesday
2540,188065.0,WAKEFIELD/241,Wednesday
2541,1626313.0,WALL ST,Friday
2542,302889.0,WALL ST,Monday
2543,1329613.0,WALL ST,Saturday
2544,385568.0,WALL ST,Sunday
2545,1627020.0,WALL ST,Thursday
2546,1337451.0,WALL ST,Tuesday
2547,1610722.0,WALL ST,Wednesday
2548,212326.0,WEST FARMS SQ,Friday
2549,122733.0,WEST FARMS SQ,Monday
2550,211913.0,WEST FARMS SQ,Saturday
2551,152200.0,WEST FARMS SQ,Sunday
2552,228999.0,WEST FARMS SQ,Thursday
2553,204066.0,WEST FARMS SQ,Tuesday
2554,229019.0,WEST FARMS SQ,Wednesday
2555,204742.0,WESTCHESTER SQ,Friday
2556,77621.0,WESTCHESTER SQ,Monday
2557,187868.0,WESTCHESTER SQ,Saturday
2558,105436.0,WESTCHESTER SQ,Sunday
2559,206549.0,WESTCHESTER SQ,Thursday
2560,181537.0,WESTCHESTER SQ,Tuesday
2561,210111.0,WESTCHESTER SQ,Wednesday
2562,593477.0,WHITEHALL S-FRY,Friday
2563,354213.0,WHITEHALL S-FRY,Monday
2564,549318.0,WHITEHALL S-FRY,Saturday
2565,442106.0,WHITEHALL S-FRY,Sunday
2566,602290.0,WHITEHALL S-FRY,Thursday
2567,533639.0,WHITEHALL S-FRY,Tuesday
2568,592284.0,WHITEHALL S-FRY,Wednesday
2569,60661.0,WHITLOCK AV,Friday
2570,32198.0,WHITLOCK AV,Monday
2571,58167.0,WHITLOCK AV,Saturday
2572,40741.0,WHITLOCK AV,Sunday
2573,60819.0,WHITLOCK AV,Thursday
2574,53841.0,WHITLOCK AV,Tuesday
2575,60710.0,WHITLOCK AV,Wednesday
2576,132726.0,WILSON AV,Friday
2577,70182.0,WILSON AV,Monday
2578,124582.0,WILSON AV,Saturday
2579,82285.0,WILSON AV,Sunday
2580,130312.0,WILSON AV,Thursday
2581,113324.0,WILSON AV,Tuesday
2582,128562.0,WILSON AV,Wednesday
2583,104867.0,WINTHROP ST,Friday
2584,38570.0,WINTHROP ST,Monday
2585,113318.0,WINTHROP ST,Saturday
2586,49404.0,WINTHROP ST,Sunday
2587,107553.0,WINTHROP ST,Thursday
2588,102636.0,WINTHROP ST,Tuesday
2589,108452.0,WINTHROP ST,Wednesday
2590,630560.0,WOODHAVEN BLVD,Friday
2591,348620.0,WOODHAVEN BLVD,Monday
2592,592198.0,WOODHAVEN BLVD,Saturday
2593,436240.0,WOODHAVEN BLVD,Sunday
2594,630943.0,WOODHAVEN BLVD,Thursday
2595,571802.0,WOODHAVEN BLVD,Tuesday
2596,627347.0,WOODHAVEN BLVD,Wednesday
2597,160020.0,WOODLAWN,Friday
2598,83504.0,WOODLAWN,Monday
2599,156916.0,WOODLAWN,Saturday
2600,112311.0,WOODLAWN,Sunday
2601,167221.0,WOODLAWN,Thursday
2602,139513.0,WOODLAWN,Tuesday
2603,186009.0,WOODLAWN,Wednesday
2604,419612.0,WORLD TRADE CTR,Friday
2605,202441.0,WORLD TRADE CTR,Monday
2606,369805.0,WORLD TRADE CTR,Saturday
2607,254290.0,WORLD TRADE CTR,Sunday
2608,409385.0,WORLD TRADE CTR,Thursday
2609,349252.0,WORLD TRADE CTR,Tuesday
2610,412069.0,WORLD TRADE CTR,Wednesday
2611,291018.0,YORK ST,Friday
2612,207421.0,YORK ST,Monday
2613,260581.0,YORK ST,Saturday
2614,232302.0,YORK ST,Sunday
2615,290099.0,YORK ST,Thursday
2616,250587.0,YORK ST,Tuesday
2617,282909.0,YORK ST,Wednesday
2618,83919.0,ZEREGA AV,Friday
2619,33844.0,ZEREGA AV,Monday
2620,75691.0,ZEREGA AV,Saturday
2621,42479.0,ZEREGA AV,Sunday
2622,85051.0,ZEREGA AV,Thursday
2623,73485.0,ZEREGA AV,Tuesday
2624,84639.0,ZEREGA AV,Wednesday
